[{"model": "admin.logentry", "pk": 1, "fields": {"action_time": "2020-09-08T21:34:59.544Z", "user": 1, "content_type": 20, "object_id": "1", "object_repr": "Vegetables", "action_flag": 1, "change_message": "[{\"added\": {}}]"}}, {"model": "admin.logentry", "pk": 2, "fields": {"action_time": "2020-09-08T21:35:36.688Z", "user": 1, "content_type": 20, "object_id": "1", "object_repr": "Vegetables", "action_flag": 2, "change_message": "[{\"changed\": {\"fields\": [\"Product categories\"]}}]"}}, {"model": "admin.logentry", "pk": 3, "fields": {"action_time": "2020-09-08T21:36:16.320Z", "user": 1, "content_type": 19, "object_id": "1", "object_repr": "1 of Vegetables", "action_flag": 1, "change_message": "[{\"added\": {}}]"}}, {"model": "admin.logentry", "pk": 4, "fields": {"action_time": "2020-09-08T21:36:26.713Z", "user": 1, "content_type": 18, "object_id": "1", "object_repr": "Order object (1)", "action_flag": 1, "change_message": "[{\"added\": {}}]"}}, {"model": "admin.logentry", "pk": 5, "fields": {"action_time": "2020-09-10T17:02:07.039Z", "user": 1, "content_type": 20, "object_id": "2", "object_repr": "Huawei", "action_flag": 1, "change_message": "[{\"added\": {}}]"}}, {"model": "admin.logentry", "pk": 6, "fields": {"action_time": "2020-09-11T04:50:10.039Z", "user": 1, "content_type": 20, "object_id": "2", "object_repr": "Huawei", "action_flag": 2, "change_message": "[{\"changed\": {\"fields\": [\"Seller\"]}}]"}}, {"model": "admin.logentry", "pk": 7, "fields": {"action_time": "2020-09-11T04:57:41.428Z", "user": 1, "content_type": 3, "object_id": "3", "object_repr": "Sellers", "action_flag": 1, "change_message": "[{\"added\": {}}]"}}, {"model": "admin.logentry", "pk": 8, "fields": {"action_time": "2020-09-11T05:03:44.867Z", "user": 1, "content_type": 20, "object_id": "3", "object_repr": "Denim", "action_flag": 1, "change_message": "[{\"added\": {}}]"}}, {"model": "admin.logentry", "pk": 9, "fields": {"action_time": "2020-09-11T05:13:32.113Z", "user": 1, "content_type": 20, "object_id": "3", "object_repr": "Denim", "action_flag": 2, "change_message": "[{\"changed\": {\"fields\": [\"Seller\"]}}]"}}, {"model": "admin.logentry", "pk": 10, "fields": {"action_time": "2020-09-11T06:12:53.830Z", "user": 1, "content_type": 20, "object_id": "3", "object_repr": "Denim", "action_flag": 2, "change_message": "[]"}}, {"model": "admin.logentry", "pk": 11, "fields": {"action_time": "2020-09-11T06:13:12.931Z", "user": 1, "content_type": 20, "object_id": "3", "object_repr": "Denims", "action_flag": 2, "change_message": "[{\"changed\": {\"fields\": [\"Title\"]}}]"}}, {"model": "admin.logentry", "pk": 12, "fields": {"action_time": "2020-09-13T20:44:34.863Z", "user": 1, "content_type": 15, "object_id": "1", "object_repr": "At", "action_flag": 2, "change_message": "[{\"changed\": {\"fields\": [\"Category name\", \"Image\"]}}]"}}, {"model": "admin.logentry", "pk": 13, "fields": {"action_time": "2020-09-13T23:57:50.545Z", "user": 1, "content_type": 15, "object_id": "5", "object_repr": "Ca", "action_flag": 2, "change_message": "[{\"changed\": {\"fields\": [\"Category name\", \"Image\"]}}]"}}, {"model": "admin.logentry", "pk": 14, "fields": {"action_time": "2020-09-14T00:00:29.483Z", "user": 1, "content_type": 15, "object_id": "13", "object_repr": "Ca", "action_flag": 2, "change_message": "[{\"changed\": {\"fields\": [\"Category name\", \"Description\", \"Image\", \"Meta Keywords\", \"Meta Description\"]}}]"}}, {"model": "admin.logentry", "pk": 15, "fields": {"action_time": "2020-09-14T22:19:53.597Z", "user": 1, "content_type": 20, "object_id": "5", "object_repr": "Samsung", "action_flag": 2, "change_message": "[{\"changed\": {\"fields\": [\"Seller\", \"Brand\", \"Meta Keywords\", \"Meta Description\", \"Category choice\"]}}]"}}, {"model": "admin.logentry", "pk": 16, "fields": {"action_time": "2020-09-15T00:28:55.183Z", "user": 1, "content_type": 10, "object_id": "3", "object_repr": "jacyboss@gmail.com", "action_flag": 2, "change_message": "[{\"changed\": {\"fields\": [\"Staff status\"]}}]"}}, {"model": "admin.logentry", "pk": 17, "fields": {"action_time": "2020-09-15T00:32:02.788Z", "user": 1, "content_type": 10, "object_id": "4", "object_repr": "dd@gmail.com", "action_flag": 2, "change_message": "[{\"changed\": {\"fields\": [\"Groups\"]}}]"}}, {"model": "admin.logentry", "pk": 18, "fields": {"action_time": "2020-09-15T00:34:53.439Z", "user": 1, "content_type": 10, "object_id": "4", "object_repr": "dd@gmail.com", "action_flag": 2, "change_message": "[{\"changed\": {\"fields\": [\"Staff status\"]}}]"}}, {"model": "admin.logentry", "pk": 19, "fields": {"action_time": "2020-09-15T00:37:02.024Z", "user": 4, "content_type": 18, "object_id": "1", "object_repr": "Order object (1)", "action_flag": 2, "change_message": "[{\"changed\": {\"fields\": [\"Items\"]}}]"}}, {"model": "admin.logentry", "pk": 20, "fields": {"action_time": "2020-09-15T00:37:07.806Z", "user": 4, "content_type": 18, "object_id": "1", "object_repr": "Order object (1)", "action_flag": 2, "change_message": "[{\"changed\": {\"fields\": [\"Being delivered\"]}}]"}}, {"model": "admin.logentry", "pk": 21, "fields": {"action_time": "2020-09-15T00:40:36.865Z", "user": 1, "content_type": 10, "object_id": "4", "object_repr": "dd@gmail.com", "action_flag": 2, "change_message": "[{\"changed\": {\"fields\": [\"Staff status\"]}}]"}}, {"model": "admin.logentry", "pk": 22, "fields": {"action_time": "2020-09-15T01:23:16.029Z", "user": 1, "content_type": 20, "object_id": "7", "object_repr": "Beach Towel", "action_flag": 1, "change_message": "[{\"added\": {}}]"}}, {"model": "admin.logentry", "pk": 23, "fields": {"action_time": "2020-09-15T01:32:28.372Z", "user": 1, "content_type": 20, "object_id": "8", "object_repr": "Vegetables", "action_flag": 1, "change_message": "[{\"added\": {}}]"}}, {"model": "admin.logentry", "pk": 24, "fields": {"action_time": "2020-09-15T01:55:56.297Z", "user": 1, "content_type": 20, "object_id": "9", "object_repr": "Vegetables Fresh", "action_flag": 1, "change_message": "[{\"added\": {}}]"}}, {"model": "admin.logentry", "pk": 25, "fields": {"action_time": "2020-09-15T02:01:11.165Z", "user": 1, "content_type": 20, "object_id": "5", "object_repr": "Samsung", "action_flag": 2, "change_message": "[{\"changed\": {\"fields\": [\"Stock\"]}}]"}}, {"model": "admin.logentry", "pk": 26, "fields": {"action_time": "2020-09-15T02:01:18.167Z", "user": 1, "content_type": 20, "object_id": "5", "object_repr": "Samsung", "action_flag": 2, "change_message": "[{\"changed\": {\"fields\": [\"Stock\"]}}]"}}, {"model": "admin.logentry", "pk": 27, "fields": {"action_time": "2020-09-15T02:02:14.759Z", "user": 1, "content_type": 20, "object_id": "9", "object_repr": "Vegetables Fresh", "action_flag": 2, "change_message": "[{\"changed\": {\"fields\": [\"Stock\"]}}]"}}, {"model": "admin.logentry", "pk": 28, "fields": {"action_time": "2020-09-15T02:02:23.987Z", "user": 1, "content_type": 20, "object_id": "9", "object_repr": "Vegetables Fresh", "action_flag": 2, "change_message": "[{\"changed\": {\"fields\": [\"Stock\"]}}]"}}, {"model": "admin.logentry", "pk": 29, "fields": {"action_time": "2020-09-15T02:03:27.788Z", "user": 1, "content_type": 20, "object_id": "9", "object_repr": "Vegetables Fresh", "action_flag": 2, "change_message": "[{\"changed\": {\"fields\": [\"Stock\"]}}]"}}, {"model": "admin.logentry", "pk": 30, "fields": {"action_time": "2020-09-15T02:03:35.433Z", "user": 1, "content_type": 20, "object_id": "9", "object_repr": "Vegetables Fresh", "action_flag": 2, "change_message": "[{\"changed\": {\"fields\": [\"Stock\"]}}]"}}, {"model": "admin.logentry", "pk": 31, "fields": {"action_time": "2020-09-15T02:03:42.604Z", "user": 1, "content_type": 20, "object_id": "9", "object_repr": "Vegetables Fresh", "action_flag": 2, "change_message": "[{\"changed\": {\"fields\": [\"Stock\"]}}]"}}, {"model": "admin.logentry", "pk": 32, "fields": {"action_time": "2020-09-15T02:03:53.061Z", "user": 1, "content_type": 20, "object_id": "5", "object_repr": "Samsung", "action_flag": 2, "change_message": "[{\"changed\": {\"fields\": [\"Stock\"]}}]"}}, {"model": "admin.logentry", "pk": 33, "fields": {"action_time": "2020-09-15T04:20:29.848Z", "user": 1, "content_type": 18, "object_id": "9", "object_repr": "Order object (9)", "action_flag": 3, "change_message": ""}}, {"model": "admin.logentry", "pk": 34, "fields": {"action_time": "2020-09-15T04:20:29.918Z", "user": 1, "content_type": 18, "object_id": "8", "object_repr": "Order object (8)", "action_flag": 3, "change_message": ""}}, {"model": "admin.logentry", "pk": 35, "fields": {"action_time": "2020-09-15T04:20:29.949Z", "user": 1, "content_type": 18, "object_id": "7", "object_repr": "Order object (7)", "action_flag": 3, "change_message": ""}}, {"model": "admin.logentry", "pk": 36, "fields": {"action_time": "2020-09-15T04:20:29.974Z", "user": 1, "content_type": 18, "object_id": "6", "object_repr": "Order object (6)", "action_flag": 3, "change_message": ""}}, {"model": "admin.logentry", "pk": 37, "fields": {"action_time": "2020-09-15T04:20:29.998Z", "user": 1, "content_type": 18, "object_id": "5", "object_repr": "Order object (5)", "action_flag": 3, "change_message": ""}}, {"model": "admin.logentry", "pk": 38, "fields": {"action_time": "2020-09-15T04:37:19.211Z", "user": 1, "content_type": 18, "object_id": "10", "object_repr": "Order object (10)", "action_flag": 3, "change_message": ""}}, {"model": "admin.logentry", "pk": 39, "fields": {"action_time": "2020-09-15T04:46:28.318Z", "user": 1, "content_type": 18, "object_id": "12", "object_repr": "Order object (12)", "action_flag": 3, "change_message": ""}}, {"model": "admin.logentry", "pk": 40, "fields": {"action_time": "2020-09-15T04:46:28.348Z", "user": 1, "content_type": 18, "object_id": "11", "object_repr": "Order object (11)", "action_flag": 3, "change_message": ""}}, {"model": "admin.logentry", "pk": 41, "fields": {"action_time": "2020-09-15T04:46:28.375Z", "user": 1, "content_type": 18, "object_id": "1", "object_repr": "Order object (1)", "action_flag": 3, "change_message": ""}}, {"model": "admin.logentry", "pk": 42, "fields": {"action_time": "2020-09-15T04:46:28.400Z", "user": 1, "content_type": 18, "object_id": "4", "object_repr": "Order object (4)", "action_flag": 3, "change_message": ""}}, {"model": "admin.logentry", "pk": 43, "fields": {"action_time": "2020-09-15T04:46:28.424Z", "user": 1, "content_type": 18, "object_id": "2", "object_repr": "Order object (2)", "action_flag": 3, "change_message": ""}}, {"model": "admin.logentry", "pk": 44, "fields": {"action_time": "2020-09-15T04:46:45.173Z", "user": 1, "content_type": 19, "object_id": "36", "object_repr": "1 of Huawei", "action_flag": 3, "change_message": ""}}, {"model": "admin.logentry", "pk": 45, "fields": {"action_time": "2020-09-15T04:46:45.204Z", "user": 1, "content_type": 19, "object_id": "35", "object_repr": "1 of Huawei", "action_flag": 3, "change_message": ""}}, {"model": "admin.logentry", "pk": 46, "fields": {"action_time": "2020-09-15T04:48:20.564Z", "user": 1, "content_type": 18, "object_id": "13", "object_repr": "Order object (13)", "action_flag": 3, "change_message": ""}}, {"model": "admin.logentry", "pk": 47, "fields": {"action_time": "2020-09-15T04:48:36.242Z", "user": 1, "content_type": 19, "object_id": "37", "object_repr": "1 of Huawei", "action_flag": 3, "change_message": ""}}, {"model": "admin.logentry", "pk": 48, "fields": {"action_time": "2020-09-15T04:57:26.594Z", "user": 1, "content_type": 19, "object_id": "39", "object_repr": "4 of Huawei", "action_flag": 3, "change_message": ""}}, {"model": "admin.logentry", "pk": 49, "fields": {"action_time": "2020-09-15T04:59:32.420Z", "user": 1, "content_type": 19, "object_id": "40", "object_repr": "8 of Vegetables", "action_flag": 3, "change_message": ""}}, {"model": "admin.logentry", "pk": 50, "fields": {"action_time": "2020-09-15T05:00:32.472Z", "user": 1, "content_type": 19, "object_id": "41", "object_repr": "8 of Vegetables", "action_flag": 3, "change_message": ""}}, {"model": "admin.logentry", "pk": 51, "fields": {"action_time": "2020-09-15T05:06:03.350Z", "user": 1, "content_type": 19, "object_id": "42", "object_repr": "1 of Vegetables", "action_flag": 3, "change_message": ""}}, {"model": "admin.logentry", "pk": 52, "fields": {"action_time": "2020-09-15T05:06:03.434Z", "user": 1, "content_type": 19, "object_id": "38", "object_repr": "7 of Huawei", "action_flag": 3, "change_message": ""}}, {"model": "admin.logentry", "pk": 53, "fields": {"action_time": "2020-09-15T05:06:18.525Z", "user": 1, "content_type": 18, "object_id": "14", "object_repr": "Order object (14)", "action_flag": 3, "change_message": ""}}, {"model": "admin.logentry", "pk": 54, "fields": {"action_time": "2020-09-15T05:09:33.968Z", "user": 1, "content_type": 18, "object_id": "15", "object_repr": "Order object (15)", "action_flag": 3, "change_message": ""}}, {"model": "admin.logentry", "pk": 55, "fields": {"action_time": "2020-09-15T05:09:54.284Z", "user": 1, "content_type": 19, "object_id": "45", "object_repr": "4 of Vegetables", "action_flag": 3, "change_message": ""}}, {"model": "admin.logentry", "pk": 56, "fields": {"action_time": "2020-09-15T05:09:54.309Z", "user": 1, "content_type": 19, "object_id": "44", "object_repr": "1 of Huawei", "action_flag": 3, "change_message": ""}}, {"model": "admin.logentry", "pk": 57, "fields": {"action_time": "2020-09-15T05:09:54.336Z", "user": 1, "content_type": 19, "object_id": "43", "object_repr": "1 of Vegetables", "action_flag": 3, "change_message": ""}}, {"model": "admin.logentry", "pk": 58, "fields": {"action_time": "2020-09-15T06:39:36.957Z", "user": 1, "content_type": 20, "object_id": "8", "object_repr": "Vegetables generic", "action_flag": 2, "change_message": "[{\"changed\": {\"fields\": [\"Title\", \"Seller\"]}}]"}}, {"model": "admin.logentry", "pk": 59, "fields": {"action_time": "2020-09-15T06:48:33.891Z", "user": 1, "content_type": 19, "object_id": "56", "object_repr": "1 of Vegetables", "action_flag": 3, "change_message": ""}}, {"model": "admin.logentry", "pk": 60, "fields": {"action_time": "2020-09-15T06:48:33.927Z", "user": 1, "content_type": 19, "object_id": "51", "object_repr": "100 of Vegetables generic", "action_flag": 3, "change_message": ""}}, {"model": "admin.logentry", "pk": 61, "fields": {"action_time": "2020-09-15T06:48:33.951Z", "user": 1, "content_type": 19, "object_id": "50", "object_repr": "55 of Vegetables generic", "action_flag": 3, "change_message": ""}}, {"model": "admin.logentry", "pk": 62, "fields": {"action_time": "2020-09-15T06:48:33.977Z", "user": 1, "content_type": 19, "object_id": "49", "object_repr": "6 of Huawei", "action_flag": 3, "change_message": ""}}, {"model": "admin.logentry", "pk": 63, "fields": {"action_time": "2020-09-15T06:48:34.001Z", "user": 1, "content_type": 19, "object_id": "48", "object_repr": "7 of Huawei", "action_flag": 3, "change_message": ""}}, {"model": "admin.logentry", "pk": 64, "fields": {"action_time": "2020-09-15T06:48:34.026Z", "user": 1, "content_type": 19, "object_id": "47", "object_repr": "3 of Huawei", "action_flag": 3, "change_message": ""}}, {"model": "admin.logentry", "pk": 65, "fields": {"action_time": "2020-09-15T06:48:34.057Z", "user": 1, "content_type": 19, "object_id": "46", "object_repr": "7 of Vegetables generic", "action_flag": 3, "change_message": ""}}, {"model": "admin.logentry", "pk": 66, "fields": {"action_time": "2020-09-15T06:48:48.931Z", "user": 1, "content_type": 18, "object_id": "19", "object_repr": "Order object (19)", "action_flag": 3, "change_message": ""}}, {"model": "admin.logentry", "pk": 67, "fields": {"action_time": "2020-09-15T06:48:48.963Z", "user": 1, "content_type": 18, "object_id": "18", "object_repr": "Order object (18)", "action_flag": 3, "change_message": ""}}, {"model": "admin.logentry", "pk": 68, "fields": {"action_time": "2020-09-15T06:48:48.989Z", "user": 1, "content_type": 18, "object_id": "17", "object_repr": "Order object (17)", "action_flag": 3, "change_message": ""}}, {"model": "admin.logentry", "pk": 69, "fields": {"action_time": "2020-09-15T06:48:49.017Z", "user": 1, "content_type": 18, "object_id": "16", "object_repr": "Order object (16)", "action_flag": 3, "change_message": ""}}, {"model": "admin.logentry", "pk": 70, "fields": {"action_time": "2020-09-15T09:30:58.144Z", "user": 1, "content_type": 19, "object_id": "82", "object_repr": "6 of Vegetables", "action_flag": 3, "change_message": ""}}, {"model": "admin.logentry", "pk": 71, "fields": {"action_time": "2020-09-15T09:30:58.176Z", "user": 1, "content_type": 19, "object_id": "80", "object_repr": "3 of Huawei", "action_flag": 3, "change_message": ""}}, {"model": "admin.logentry", "pk": 72, "fields": {"action_time": "2020-09-15T09:30:58.203Z", "user": 1, "content_type": 19, "object_id": "78", "object_repr": "1 of Huawei", "action_flag": 3, "change_message": ""}}, {"model": "admin.logentry", "pk": 73, "fields": {"action_time": "2020-09-15T09:31:14.171Z", "user": 1, "content_type": 18, "object_id": "42", "object_repr": "Order object (42)", "action_flag": 3, "change_message": ""}}, {"model": "admin.logentry", "pk": 74, "fields": {"action_time": "2020-09-15T09:31:14.202Z", "user": 1, "content_type": 18, "object_id": "40", "object_repr": "Order object (40)", "action_flag": 3, "change_message": ""}}, {"model": "admin.logentry", "pk": 75, "fields": {"action_time": "2020-09-15T09:31:14.239Z", "user": 1, "content_type": 18, "object_id": "38", "object_repr": "Order object (38)", "action_flag": 3, "change_message": ""}}, {"model": "admin.logentry", "pk": 76, "fields": {"action_time": "2020-09-15T15:39:41.252Z", "user": 1, "content_type": 20, "object_id": "9", "object_repr": "Vegetables Fresh", "action_flag": 2, "change_message": "[{\"changed\": {\"fields\": [\"Is bestseller\", \"Is featured\"]}}]"}}, {"model": "admin.logentry", "pk": 77, "fields": {"action_time": "2020-09-15T15:54:08.260Z", "user": 1, "content_type": 20, "object_id": "2", "object_repr": "Huawei", "action_flag": 2, "change_message": "[{\"changed\": {\"fields\": [\"Is active\"]}}]"}}, {"model": "admin.logentry", "pk": 78, "fields": {"action_time": "2020-09-15T16:11:03.158Z", "user": 1, "content_type": 20, "object_id": "9", "object_repr": "Vegetables Fresh", "action_flag": 2, "change_message": "[{\"changed\": {\"fields\": [\"Stock\", \"Is active\"]}}]"}}, {"model": "admin.logentry", "pk": 79, "fields": {"action_time": "2020-09-15T16:46:24.730Z", "user": 1, "content_type": 21, "object_id": "10", "object_repr": "ProductImage object (10)", "action_flag": 3, "change_message": ""}}, {"model": "admin.logentry", "pk": 80, "fields": {"action_time": "2020-09-15T16:53:30.904Z", "user": 1, "content_type": 21, "object_id": "8", "object_repr": "ProductImage object (8)", "action_flag": 3, "change_message": ""}}, {"model": "admin.logentry", "pk": 81, "fields": {"action_time": "2020-09-15T17:05:50.247Z", "user": 1, "content_type": 20, "object_id": "9", "object_repr": "Vegetables Fresh", "action_flag": 2, "change_message": "[{\"changed\": {\"fields\": [\"Stock\"]}}]"}}, {"model": "admin.logentry", "pk": 82, "fields": {"action_time": "2020-09-15T17:06:08.223Z", "user": 1, "content_type": 20, "object_id": "9", "object_repr": "Vegetables Fresh", "action_flag": 2, "change_message": "[{\"changed\": {\"fields\": [\"Is active\"]}}]"}}, {"model": "admin.logentry", "pk": 83, "fields": {"action_time": "2020-09-15T17:38:35.967Z", "user": 1, "content_type": 20, "object_id": "12", "object_repr": "Dragon Touch 4K Action Camera", "action_flag": 2, "change_message": "[{\"changed\": {\"fields\": [\"Discount price\"]}}]"}}, {"model": "admin.logentry", "pk": 84, "fields": {"action_time": "2020-09-21T02:07:14.664Z", "user": 1, "content_type": 10, "object_id": "2", "object_repr": "dmakori28@gmail.com", "action_flag": 3, "change_message": ""}}, {"model": "admin.logentry", "pk": 85, "fields": {"action_time": "2020-09-21T02:17:42.233Z", "user": 1, "content_type": 10, "object_id": "9", "object_repr": "dmakori28@gmail.com", "action_flag": 3, "change_message": ""}}, {"model": "admin.logentry", "pk": 86, "fields": {"action_time": "2020-09-21T02:23:36.955Z", "user": 1, "content_type": 10, "object_id": "10", "object_repr": "dmakori28@gmail.com", "action_flag": 3, "change_message": ""}}, {"model": "admin.logentry", "pk": 87, "fields": {"action_time": "2020-09-21T02:32:31.571Z", "user": 1, "content_type": 10, "object_id": "11", "object_repr": "dmakori28@gmail.com", "action_flag": 3, "change_message": ""}}, {"model": "admin.logentry", "pk": 88, "fields": {"action_time": "2020-09-21T02:41:01.727Z", "user": 1, "content_type": 10, "object_id": "12", "object_repr": "dmakori28@gmail.com", "action_flag": 3, "change_message": ""}}, {"model": "admin.logentry", "pk": 89, "fields": {"action_time": "2020-09-21T02:46:51.095Z", "user": 1, "content_type": 10, "object_id": "13", "object_repr": "dmakori28@gmail.com", "action_flag": 3, "change_message": ""}}, {"model": "admin.logentry", "pk": 90, "fields": {"action_time": "2020-09-21T03:04:53.735Z", "user": 1, "content_type": 10, "object_id": "14", "object_repr": "dmakori28@gmail.com", "action_flag": 3, "change_message": ""}}, {"model": "admin.logentry", "pk": 91, "fields": {"action_time": "2020-09-21T03:07:44.226Z", "user": 1, "content_type": 10, "object_id": "15", "object_repr": "dmakori28@gmail.com", "action_flag": 3, "change_message": ""}}, {"model": "admin.logentry", "pk": 92, "fields": {"action_time": "2020-09-21T03:14:33.782Z", "user": 1, "content_type": 10, "object_id": "16", "object_repr": "dmakori28@gmail.com", "action_flag": 3, "change_message": ""}}, {"model": "admin.logentry", "pk": 93, "fields": {"action_time": "2020-09-21T03:17:04.956Z", "user": 1, "content_type": 10, "object_id": "17", "object_repr": "dmakori28@gmail.com", "action_flag": 3, "change_message": ""}}, {"model": "admin.logentry", "pk": 94, "fields": {"action_time": "2020-09-22T00:39:17.472Z", "user": 1, "content_type": 10, "object_id": "18", "object_repr": "dmakori28@gmail.com", "action_flag": 3, "change_message": ""}}, {"model": "admin.logentry", "pk": 95, "fields": {"action_time": "2020-09-22T00:45:13.932Z", "user": 1, "content_type": 10, "object_id": "19", "object_repr": "dmakori28@gmail.com", "action_flag": 3, "change_message": ""}}, {"model": "admin.logentry", "pk": 96, "fields": {"action_time": "2020-09-23T21:21:24.766Z", "user": 1, "content_type": 19, "object_id": "98", "object_repr": "3 of Dragon Touch 4K Action Camera", "action_flag": 2, "change_message": "[{\"changed\": {\"fields\": [\"Status\"]}}]"}}, {"model": "admin.logentry", "pk": 97, "fields": {"action_time": "2020-09-23T21:22:18.426Z", "user": 1, "content_type": 18, "object_id": "44", "object_repr": "Order object (44)", "action_flag": 2, "change_message": "[{\"changed\": {\"fields\": [\"Status\"]}}]"}}, {"model": "admin.logentry", "pk": 98, "fields": {"action_time": "2020-09-23T22:02:21.039Z", "user": 1, "content_type": 19, "object_id": "98", "object_repr": "3 of Dragon Touch 4K Action Camera", "action_flag": 2, "change_message": "[{\"changed\": {\"fields\": [\"Status\"]}}]"}}, {"model": "admin.logentry", "pk": 99, "fields": {"action_time": "2020-09-24T09:31:46.963Z", "user": 1, "content_type": 19, "object_id": "102", "object_repr": "1 of Vegetables generic", "action_flag": 2, "change_message": "[{\"changed\": {\"fields\": [\"Status\"]}}]"}}, {"model": "admin.logentry", "pk": 100, "fields": {"action_time": "2020-09-24T14:10:50.375Z", "user": 1, "content_type": 10, "object_id": "21", "object_repr": "dmakori28@gmail.com", "action_flag": 3, "change_message": ""}}, {"model": "admin.logentry", "pk": 101, "fields": {"action_time": "2020-09-24T14:22:32.936Z", "user": 1, "content_type": 10, "object_id": "22", "object_repr": "dmakori28@gmail.com", "action_flag": 3, "change_message": ""}}, {"model": "admin.logentry", "pk": 102, "fields": {"action_time": "2020-09-24T14:29:39.319Z", "user": 1, "content_type": 10, "object_id": "23", "object_repr": "dmakori28@gmail.com", "action_flag": 3, "change_message": ""}}, {"model": "admin.logentry", "pk": 103, "fields": {"action_time": "2020-09-24T14:34:07.557Z", "user": 1, "content_type": 10, "object_id": "24", "object_repr": "dmakori28@gmail.com", "action_flag": 3, "change_message": ""}}, {"model": "admin.logentry", "pk": 104, "fields": {"action_time": "2020-09-24T14:40:50.951Z", "user": 1, "content_type": 10, "object_id": "25", "object_repr": "dmakori28@gmail.com", "action_flag": 3, "change_message": ""}}, {"model": "admin.logentry", "pk": 105, "fields": {"action_time": "2020-09-24T14:46:33.181Z", "user": 1, "content_type": 10, "object_id": "26", "object_repr": "dmakori28@gmail.com", "action_flag": 3, "change_message": ""}}, {"model": "admin.logentry", "pk": 106, "fields": {"action_time": "2020-09-24T21:05:38.659Z", "user": 1, "content_type": 6, "object_id": "1", "object_repr": "www.me2uafrika.com", "action_flag": 2, "change_message": "[{\"changed\": {\"fields\": [\"Domain name\", \"Display name\"]}}]"}}, {"model": "admin.logentry", "pk": 107, "fields": {"action_time": "2020-09-25T01:24:56.575Z", "user": 1, "content_type": 10, "object_id": "27", "object_repr": "dmakori28@gmail.com", "action_flag": 3, "change_message": ""}}, {"model": "admin.logentry", "pk": 108, "fields": {"action_time": "2020-09-25T01:29:33.039Z", "user": 1, "content_type": 10, "object_id": "28", "object_repr": "dmakori28@gmail.com", "action_flag": 3, "change_message": ""}}, {"model": "admin.logentry", "pk": 109, "fields": {"action_time": "2020-09-25T01:31:47.118Z", "user": 1, "content_type": 10, "object_id": "29", "object_repr": "dmakori28@gmail.com", "action_flag": 3, "change_message": ""}}, {"model": "admin.logentry", "pk": 110, "fields": {"action_time": "2020-09-25T01:33:16.874Z", "user": 1, "content_type": 10, "object_id": "30", "object_repr": "dmakori28@gmail.com", "action_flag": 3, "change_message": ""}}, {"model": "admin.logentry", "pk": 111, "fields": {"action_time": "2020-09-25T01:38:35.001Z", "user": 1, "content_type": 10, "object_id": "31", "object_repr": "dmakori28@gmail.com", "action_flag": 3, "change_message": ""}}, {"model": "admin.logentry", "pk": 112, "fields": {"action_time": "2020-09-25T01:40:27.914Z", "user": 1, "content_type": 10, "object_id": "32", "object_repr": "dmakori28@gmail.com", "action_flag": 3, "change_message": ""}}, {"model": "admin.logentry", "pk": 113, "fields": {"action_time": "2020-09-25T01:41:58.645Z", "user": 1, "content_type": 10, "object_id": "33", "object_repr": "dmakori28@gmail.com", "action_flag": 3, "change_message": ""}}, {"model": "admin.logentry", "pk": 114, "fields": {"action_time": "2020-09-25T01:43:35.482Z", "user": 1, "content_type": 10, "object_id": "34", "object_repr": "dmakori28@gmail.com", "action_flag": 3, "change_message": ""}}, {"model": "admin.logentry", "pk": 115, "fields": {"action_time": "2020-09-25T16:56:12.978Z", "user": 1, "content_type": 19, "object_id": "128", "object_repr": "11 of Vegetables generic", "action_flag": 3, "change_message": ""}}, {"model": "admin.logentry", "pk": 116, "fields": {"action_time": "2020-09-25T16:56:13.127Z", "user": 1, "content_type": 19, "object_id": "127", "object_repr": "6 of Vegetables", "action_flag": 3, "change_message": ""}}, {"model": "admin.logentry", "pk": 117, "fields": {"action_time": "2020-09-25T16:56:13.152Z", "user": 1, "content_type": 19, "object_id": "118", "object_repr": "1 of Mangoes", "action_flag": 3, "change_message": ""}}, {"model": "admin.logentry", "pk": 118, "fields": {"action_time": "2020-09-25T16:56:13.182Z", "user": 1, "content_type": 19, "object_id": "110", "object_repr": "3 of Tops", "action_flag": 3, "change_message": ""}}, {"model": "admin.logentry", "pk": 119, "fields": {"action_time": "2020-09-25T18:45:24.599Z", "user": 1, "content_type": 32, "object_id": "1", "object_repr": "False", "action_flag": 1, "change_message": "[{\"added\": {}}]"}}, {"model": "admin.logentry", "pk": 120, "fields": {"action_time": "2020-09-25T20:06:05.110Z", "user": 1, "content_type": 10, "object_id": "35", "object_repr": "dmakori28@gmail.com", "action_flag": 3, "change_message": ""}}, {"model": "admin.logentry", "pk": 121, "fields": {"action_time": "2020-09-25T20:14:11.282Z", "user": 1, "content_type": 10, "object_id": "37", "object_repr": "dmakori28@gmail.com", "action_flag": 3, "change_message": ""}}, {"model": "admin.logentry", "pk": 122, "fields": {"action_time": "2020-09-25T23:11:08.315Z", "user": 1, "content_type": 10, "object_id": "38", "object_repr": "dmakori28@gmail.com", "action_flag": 3, "change_message": ""}}, {"model": "admin.logentry", "pk": 123, "fields": {"action_time": "2020-09-25T23:27:44.013Z", "user": 1, "content_type": 10, "object_id": "39", "object_repr": "dmakori28@gmail.com", "action_flag": 3, "change_message": ""}}, {"model": "admin.logentry", "pk": 124, "fields": {"action_time": "2020-09-25T23:38:57.360Z", "user": 1, "content_type": 10, "object_id": "40", "object_repr": "dmakori28@gmail.com", "action_flag": 3, "change_message": ""}}, {"model": "admin.logentry", "pk": 125, "fields": {"action_time": "2020-09-26T00:16:01.962Z", "user": 1, "content_type": 10, "object_id": "41", "object_repr": "dmakori28@gmail.com", "action_flag": 3, "change_message": ""}}, {"model": "admin.logentry", "pk": 126, "fields": {"action_time": "2020-09-26T00:34:56.583Z", "user": 1, "content_type": 10, "object_id": "42", "object_repr": "dmakori28@gmail.com", "action_flag": 3, "change_message": ""}}, {"model": "admin.logentry", "pk": 127, "fields": {"action_time": "2020-09-26T00:40:44.379Z", "user": 1, "content_type": 10, "object_id": "43", "object_repr": "dmakori28@gmail.com", "action_flag": 3, "change_message": ""}}, {"model": "admin.logentry", "pk": 128, "fields": {"action_time": "2020-09-26T00:51:17.333Z", "user": 1, "content_type": 10, "object_id": "44", "object_repr": "dmakori28@gmail.com", "action_flag": 3, "change_message": ""}}, {"model": "admin.logentry", "pk": 129, "fields": {"action_time": "2020-09-26T11:16:35.978Z", "user": 1, "content_type": 33, "object_id": "1", "object_repr": "Welcome to m", "action_flag": 1, "change_message": "[{\"added\": {}}]"}}, {"model": "admin.logentry", "pk": 130, "fields": {"action_time": "2020-09-26T11:34:32.780Z", "user": 1, "content_type": 33, "object_id": "1", "object_repr": "Welcome to M", "action_flag": 2, "change_message": "[{\"changed\": {\"fields\": [\"Message\"]}}]"}}, {"model": "admin.logentry", "pk": 131, "fields": {"action_time": "2020-09-26T11:34:56.396Z", "user": 1, "content_type": 33, "object_id": "1", "object_repr": "Welcome to M", "action_flag": 2, "change_message": "[{\"changed\": {\"fields\": [\"Message\"]}}]"}}, {"model": "admin.logentry", "pk": 132, "fields": {"action_time": "2020-09-26T18:05:02.047Z", "user": 1, "content_type": 33, "object_id": "2", "object_repr": "Get upto 50% of", "action_flag": 1, "change_message": "[{\"added\": {}}]"}}, {"model": "admin.logentry", "pk": 133, "fields": {"action_time": "2020-09-26T18:05:10.580Z", "user": 1, "content_type": 33, "object_id": "1", "object_repr": "Welcome to Me2U", "action_flag": 2, "change_message": "[{\"changed\": {\"fields\": [\"Active\"]}}]"}}, {"model": "admin.logentry", "pk": 134, "fields": {"action_time": "2020-09-26T18:06:48.886Z", "user": 1, "content_type": 33, "object_id": "2", "object_repr": "Get upto 50% of", "action_flag": 2, "change_message": "[{\"changed\": {\"fields\": [\"Active\"]}}]"}}, {"model": "admin.logentry", "pk": 135, "fields": {"action_time": "2020-09-26T18:08:38.523Z", "user": 1, "content_type": 33, "object_id": "2", "object_repr": "Get upto 50% of", "action_flag": 2, "change_message": "[{\"changed\": {\"fields\": [\"Active\"]}}]"}}, {"model": "admin.logentry", "pk": 136, "fields": {"action_time": "2020-09-26T18:27:17.554Z", "user": 1, "content_type": 33, "object_id": "2", "object_repr": "Get upto 50% of", "action_flag": 2, "change_message": "[{\"changed\": {\"fields\": [\"Start date\", \"End date\"]}}]"}}, {"model": "admin.logentry", "pk": 137, "fields": {"action_time": "2020-09-26T18:27:55.252Z", "user": 1, "content_type": 33, "object_id": "1", "object_repr": "Welcome to Me2U", "action_flag": 2, "change_message": "[{\"changed\": {\"fields\": [\"Active\", \"Start date\", \"End date\"]}}]"}}, {"model": "admin.logentry", "pk": 138, "fields": {"action_time": "2020-09-26T19:11:41.309Z", "user": 1, "content_type": 33, "object_id": "2", "object_repr": "Get upto 50% of", "action_flag": 2, "change_message": "[{\"changed\": {\"fields\": [\"Start date\", \"End date\"]}}]"}}, {"model": "admin.logentry", "pk": 139, "fields": {"action_time": "2020-09-26T19:12:46.070Z", "user": 1, "content_type": 33, "object_id": "2", "object_repr": "Get upto 50% of", "action_flag": 2, "change_message": "[]"}}, {"model": "admin.logentry", "pk": 140, "fields": {"action_time": "2020-09-26T20:00:20.997Z", "user": 1, "content_type": 33, "object_id": "1", "object_repr": "Welcome to Me2U", "action_flag": 2, "change_message": "[{\"changed\": {\"fields\": [\"Start date\", \"End date\"]}}]"}}, {"model": "admin.logentry", "pk": 141, "fields": {"action_time": "2020-09-26T20:06:40.103Z", "user": 1, "content_type": 33, "object_id": "2", "object_repr": "Get upto 50% of", "action_flag": 2, "change_message": "[{\"changed\": {\"fields\": [\"Start date\", \"End date\"]}}]"}}, {"model": "admin.logentry", "pk": 142, "fields": {"action_time": "2020-09-26T20:09:56.913Z", "user": 1, "content_type": 33, "object_id": "1", "object_repr": "Welcome to Me2U", "action_flag": 2, "change_message": "[{\"changed\": {\"fields\": [\"End date\"]}}]"}}, {"model": "admin.logentry", "pk": 143, "fields": {"action_time": "2020-09-26T20:13:22.350Z", "user": 1, "content_type": 33, "object_id": "2", "object_repr": "Get upto 50% of", "action_flag": 2, "change_message": "[{\"changed\": {\"fields\": [\"End date\"]}}]"}}, {"model": "admin.logentry", "pk": 144, "fields": {"action_time": "2020-09-26T20:13:30.523Z", "user": 1, "content_type": 33, "object_id": "1", "object_repr": "Welcome to Me2U", "action_flag": 2, "change_message": "[{\"changed\": {\"fields\": [\"Active\"]}}]"}}, {"model": "admin.logentry", "pk": 145, "fields": {"action_time": "2020-09-27T11:01:29.984Z", "user": 1, "content_type": 34, "object_id": "2", "object_repr": "None", "action_flag": 1, "change_message": "[{\"added\": {}}]"}}, {"model": "admin.logentry", "pk": 146, "fields": {"action_time": "2020-09-27T11:05:10.799Z", "user": 1, "content_type": 34, "object_id": "2", "object_repr": "Phones cover", "action_flag": 2, "change_message": "[{\"changed\": {\"fields\": [\"Header text\", \"Featured\", \"Start date\", \"End date\"]}}]"}}, {"model": "admin.logentry", "pk": 147, "fields": {"action_time": "2020-09-27T11:05:59.997Z", "user": 1, "content_type": 34, "object_id": "3", "object_repr": "Delivery", "action_flag": 1, "change_message": "[{\"added\": {}}]"}}, {"model": "admin.logentry", "pk": 180, "fields": {"action_time": "2020-09-27T14:00:09.321Z", "user": 1, "content_type": 34, "object_id": "3", "object_repr": "Delivery", "action_flag": 2, "change_message": "[{\"changed\": {\"fields\": [\"End date\"]}}]"}}, {"model": "admin.logentry", "pk": 181, "fields": {"action_time": "2020-09-27T14:00:27.397Z", "user": 1, "content_type": 34, "object_id": "2", "object_repr": "Phones cover", "action_flag": 2, "change_message": "[{\"changed\": {\"fields\": [\"Featured\"]}}]"}}, {"model": "admin.logentry", "pk": 182, "fields": {"action_time": "2020-09-27T14:07:26.861Z", "user": 1, "content_type": 34, "object_id": "3", "object_repr": "<a href=\"\">Delivery</a>", "action_flag": 2, "change_message": "[{\"changed\": {\"fields\": [\"Header text\"]}}]"}}, {"model": "admin.logentry", "pk": 183, "fields": {"action_time": "2020-09-27T14:09:53.286Z", "user": 1, "content_type": 34, "object_id": "2", "object_repr": "Phones cover", "action_flag": 2, "change_message": "[{\"changed\": {\"fields\": [\"Featured\"]}}]"}}, {"model": "admin.logentry", "pk": 184, "fields": {"action_time": "2020-09-27T14:23:19.279Z", "user": 1, "content_type": 34, "object_id": "2", "object_repr": "Phones cover", "action_flag": 2, "change_message": "[{\"changed\": {\"fields\": [\"Link url\"]}}]"}}, {"model": "admin.logentry", "pk": 185, "fields": {"action_time": "2020-09-27T14:25:34.178Z", "user": 1, "content_type": 34, "object_id": "2", "object_repr": "Phones cover", "action_flag": 2, "change_message": "[]"}}, {"model": "admin.logentry", "pk": 186, "fields": {"action_time": "2020-09-30T12:07:23.332Z", "user": 1, "content_type": 18, "object_id": "85", "object_repr": "Order object (85)", "action_flag": 3, "change_message": ""}}, {"model": "admin.logentry", "pk": 187, "fields": {"action_time": "2020-09-30T12:07:23.448Z", "user": 1, "content_type": 18, "object_id": "84", "object_repr": "Order object (84)", "action_flag": 3, "change_message": ""}}, {"model": "admin.logentry", "pk": 188, "fields": {"action_time": "2020-09-30T12:07:23.488Z", "user": 1, "content_type": 18, "object_id": "83", "object_repr": "Order object (83)", "action_flag": 3, "change_message": ""}}, {"model": "admin.logentry", "pk": 189, "fields": {"action_time": "2020-09-30T12:07:23.516Z", "user": 1, "content_type": 18, "object_id": "80", "object_repr": "Order object (80)", "action_flag": 3, "change_message": ""}}, {"model": "admin.logentry", "pk": 190, "fields": {"action_time": "2020-09-30T12:07:41.536Z", "user": 1, "content_type": 19, "object_id": "138", "object_repr": "2 of Vegetables Fresh", "action_flag": 3, "change_message": ""}}, {"model": "admin.logentry", "pk": 191, "fields": {"action_time": "2020-09-30T12:07:41.567Z", "user": 1, "content_type": 19, "object_id": "137", "object_repr": "1 of Vegetables", "action_flag": 3, "change_message": ""}}, {"model": "admin.logentry", "pk": 192, "fields": {"action_time": "2020-09-30T12:07:41.593Z", "user": 1, "content_type": 19, "object_id": "136", "object_repr": "1 of Vegetables Fresh", "action_flag": 3, "change_message": ""}}, {"model": "admin.logentry", "pk": 193, "fields": {"action_time": "2020-09-30T12:07:41.619Z", "user": 1, "content_type": 19, "object_id": "135", "object_repr": "1 of Vegetables Fresh", "action_flag": 3, "change_message": ""}}, {"model": "admin.logentry", "pk": 194, "fields": {"action_time": "2020-09-30T12:07:41.647Z", "user": 1, "content_type": 19, "object_id": "132", "object_repr": "1 of Dragon Touch 4K Action Camera", "action_flag": 3, "change_message": ""}}, {"model": "admin.logentry", "pk": 195, "fields": {"action_time": "2020-09-30T12:07:41.673Z", "user": 1, "content_type": 19, "object_id": "131", "object_repr": "3 of Vegetables Fresh", "action_flag": 3, "change_message": ""}}, {"model": "admin.logentry", "pk": 196, "fields": {"action_time": "2020-09-30T22:46:36.049Z", "user": 1, "content_type": 18, "object_id": "87", "object_repr": "Order object (87)", "action_flag": 3, "change_message": ""}}, {"model": "admin.logentry", "pk": 197, "fields": {"action_time": "2020-10-01T12:26:52.220Z", "user": 1, "content_type": 18, "object_id": "91", "object_repr": "Order object (91)", "action_flag": 3, "change_message": ""}}, {"model": "admin.logentry", "pk": 198, "fields": {"action_time": "2020-10-01T12:30:30.922Z", "user": 1, "content_type": 19, "object_id": "143", "object_repr": "7 of Vegetables Fresh", "action_flag": 3, "change_message": ""}}, {"model": "admin.logentry", "pk": 199, "fields": {"action_time": "2020-10-01T19:14:41.680Z", "user": 1, "content_type": 37, "object_id": "1", "object_repr": "SubCategory object (1)", "action_flag": 1, "change_message": "[{\"added\": {}}]"}}, {"model": "admin.logentry", "pk": 200, "fields": {"action_time": "2020-10-01T19:16:14.935Z", "user": 1, "content_type": 20, "object_id": "11", "object_repr": "Beach Towel", "action_flag": 2, "change_message": "[{\"changed\": {\"fields\": [\"Product categories\", \"Product sub categories\"]}}]"}}, {"model": "admin.logentry", "pk": 201, "fields": {"action_time": "2020-10-01T19:26:12.119Z", "user": 1, "content_type": 37, "object_id": "2", "object_repr": "2D photographs & 3D photographs", "action_flag": 1, "change_message": "[{\"added\": {}}]"}}, {"model": "admin.logentry", "pk": 202, "fields": {"action_time": "2020-10-01T19:27:21.239Z", "user": 1, "content_type": 20, "object_id": "11", "object_repr": "Beach Towel", "action_flag": 2, "change_message": "[{\"changed\": {\"fields\": [\"Is bestseller\", \"Is featured\", \"Label\", \"Product sub categories\"]}}]"}}, {"model": "admin.logentry", "pk": 203, "fields": {"action_time": "2020-10-01T19:40:12.852Z", "user": 1, "content_type": 37, "object_id": "1", "object_repr": "Art Photographs", "action_flag": 2, "change_message": "[]"}}, {"model": "admin.logentry", "pk": 204, "fields": {"action_time": "2020-10-01T19:40:46.723Z", "user": 1, "content_type": 37, "object_id": "2", "object_repr": "2D photographs & 3D photographs", "action_flag": 3, "change_message": ""}}, {"model": "admin.logentry", "pk": 205, "fields": {"action_time": "2020-10-01T19:40:46.769Z", "user": 1, "content_type": 37, "object_id": "1", "object_repr": "Art Photographs", "action_flag": 3, "change_message": ""}}, {"model": "admin.logentry", "pk": 206, "fields": {"action_time": "2020-10-01T19:49:34.536Z", "user": 1, "content_type": 37, "object_id": "3", "object_repr": "Art Photographs", "action_flag": 1, "change_message": "[{\"added\": {}}]"}}, {"model": "admin.logentry", "pk": 207, "fields": {"action_time": "2020-10-01T19:50:27.875Z", "user": 1, "content_type": 37, "object_id": "4", "object_repr": "paints", "action_flag": 1, "change_message": "[{\"added\": {}}]"}}, {"model": "admin.logentry", "pk": 208, "fields": {"action_time": "2020-10-01T19:59:50.552Z", "user": 1, "content_type": 15, "object_id": "1", "object_repr": "At", "action_flag": 2, "change_message": "[{\"changed\": {\"fields\": [\"Category name\"]}}, {\"added\": {\"name\": \"sub category\", \"object\": \"2D photographs\"}}]"}}, {"model": "admin.logentry", "pk": 209, "fields": {"action_time": "2020-10-01T22:46:13.796Z", "user": 1, "content_type": 37, "object_id": "6", "object_repr": "Camera & Photo", "action_flag": 1, "change_message": "[{\"added\": {}}]"}}, {"model": "admin.logentry", "pk": 210, "fields": {"action_time": "2020-10-02T13:34:29.759Z", "user": 1, "content_type": 38, "object_id": "None", "object_repr": "Electronics", "action_flag": 1, "change_message": "[{\"added\": {}}]"}}, {"model": "admin.logentry", "pk": 211, "fields": {"action_time": "2020-10-02T13:34:55.063Z", "user": 1, "content_type": 38, "object_id": "None", "object_repr": "Electronics", "action_flag": 1, "change_message": "[{\"added\": {}}]"}}, {"model": "admin.logentry", "pk": 212, "fields": {"action_time": "2020-10-02T13:37:08.837Z", "user": 1, "content_type": 38, "object_id": "None", "object_repr": "Electronics", "action_flag": 1, "change_message": "[{\"added\": {}}]"}}, {"model": "admin.logentry", "pk": 213, "fields": {"action_time": "2020-10-02T13:37:46.692Z", "user": 1, "content_type": 38, "object_id": "None", "object_repr": "Mobile Phones", "action_flag": 1, "change_message": "[{\"added\": {}}]"}}, {"model": "admin.logentry", "pk": 214, "fields": {"action_time": "2020-10-02T13:43:30.727Z", "user": 1, "content_type": 38, "object_id": "None", "object_repr": "Electronics", "action_flag": 1, "change_message": "[{\"added\": {}}]"}}, {"model": "admin.logentry", "pk": 215, "fields": {"action_time": "2020-10-02T13:45:27.463Z", "user": 1, "content_type": 38, "object_id": "None", "object_repr": "Electronics", "action_flag": 1, "change_message": "[{\"added\": {}}]"}}, {"model": "admin.logentry", "pk": 216, "fields": {"action_time": "2020-10-02T13:46:21.031Z", "user": 1, "content_type": 38, "object_id": "1", "object_repr": "Electronics", "action_flag": 1, "change_message": "[{\"added\": {}}]"}}, {"model": "admin.logentry", "pk": 217, "fields": {"action_time": "2020-10-02T13:46:42.468Z", "user": 1, "content_type": 38, "object_id": "1", "object_repr": "Electronics shop", "action_flag": 2, "change_message": "[{\"changed\": {\"fields\": [\"Title\"]}}]"}}, {"model": "admin.logentry", "pk": 218, "fields": {"action_time": "2020-10-02T13:47:36.938Z", "user": 1, "content_type": 38, "object_id": "2", "object_repr": "Mobile Phones", "action_flag": 1, "change_message": "[{\"added\": {}}]"}}, {"model": "admin.logentry", "pk": 219, "fields": {"action_time": "2020-10-02T13:48:14.408Z", "user": 1, "content_type": 38, "object_id": "3", "object_repr": "Samsung galaxy s4", "action_flag": 1, "change_message": "[{\"added\": {}}]"}}, {"model": "admin.logentry", "pk": 220, "fields": {"action_time": "2020-10-02T13:48:14.648Z", "user": 1, "content_type": 38, "object_id": "4", "object_repr": "Samsung galaxy s4", "action_flag": 1, "change_message": "[{\"added\": {}}]"}}, {"model": "admin.logentry", "pk": 221, "fields": {"action_time": "2020-10-02T13:48:31.477Z", "user": 1, "content_type": 38, "object_id": "4", "object_repr": "Samsung galaxy s4", "action_flag": 3, "change_message": ""}}, {"model": "admin.logentry", "pk": 222, "fields": {"action_time": "2020-10-02T13:48:51.509Z", "user": 1, "content_type": 38, "object_id": "5", "object_repr": "Huawei", "action_flag": 1, "change_message": "[{\"added\": {}}]"}}, {"model": "admin.logentry", "pk": 223, "fields": {"action_time": "2020-10-02T13:49:10.615Z", "user": 1, "content_type": 38, "object_id": "6", "object_repr": "mate 7", "action_flag": 1, "change_message": "[{\"added\": {}}]"}}, {"model": "admin.logentry", "pk": 224, "fields": {"action_time": "2020-10-02T13:49:25.060Z", "user": 1, "content_type": 38, "object_id": "3", "object_repr": "Samsung", "action_flag": 2, "change_message": "[{\"changed\": {\"fields\": [\"Title\"]}}]"}}, {"model": "admin.logentry", "pk": 225, "fields": {"action_time": "2020-10-02T13:49:35.233Z", "user": 1, "content_type": 38, "object_id": "7", "object_repr": "Samsung galaxy s4", "action_flag": 1, "change_message": "[{\"added\": {}}]"}}, {"model": "admin.logentry", "pk": 226, "fields": {"action_time": "2020-10-02T13:51:23.981Z", "user": 1, "content_type": 38, "object_id": "8", "object_repr": "Books", "action_flag": 1, "change_message": "[{\"added\": {}}]"}}, {"model": "admin.logentry", "pk": 227, "fields": {"action_time": "2020-10-02T13:51:35.219Z", "user": 1, "content_type": 38, "object_id": "9", "object_repr": "Novels", "action_flag": 1, "change_message": "[{\"added\": {}}]"}}, {"model": "admin.logentry", "pk": 228, "fields": {"action_time": "2020-10-02T18:12:08.719Z", "user": 1, "content_type": 38, "object_id": "1", "object_repr": "Electronics", "action_flag": 2, "change_message": "[{\"changed\": {\"fields\": [\"Title\"]}}]"}}, {"model": "admin.logentry", "pk": 229, "fields": {"action_time": "2020-10-02T18:14:36.301Z", "user": 1, "content_type": 38, "object_id": "8", "object_repr": "Books collection", "action_flag": 2, "change_message": "[{\"changed\": {\"fields\": [\"Title\"]}}]"}}, {"model": "admin.logentry", "pk": 230, "fields": {"action_time": "2020-10-02T18:16:11.546Z", "user": 1, "content_type": 38, "object_id": "10", "object_repr": "Romance", "action_flag": 1, "change_message": "[{\"added\": {}}]"}}, {"model": "admin.logentry", "pk": 231, "fields": {"action_time": "2020-10-02T18:16:28.051Z", "user": 1, "content_type": 38, "object_id": "10", "object_repr": "Romance love", "action_flag": 2, "change_message": "[{\"changed\": {\"fields\": [\"Title\"]}}]"}}, {"model": "admin.logentry", "pk": 232, "fields": {"action_time": "2020-10-02T18:17:21.521Z", "user": 1, "content_type": 38, "object_id": "11", "object_repr": "Art & Craft", "action_flag": 1, "change_message": "[{\"added\": {}}]"}}, {"model": "admin.logentry", "pk": 233, "fields": {"action_time": "2020-10-02T18:18:23.386Z", "user": 1, "content_type": 38, "object_id": "11", "object_repr": "Art", "action_flag": 2, "change_message": "[{\"changed\": {\"fields\": [\"Title\"]}}]"}}, {"model": "admin.logentry", "pk": 234, "fields": {"action_time": "2020-10-02T18:19:28.487Z", "user": 1, "content_type": 38, "object_id": "11", "object_repr": "Art & Craft", "action_flag": 2, "change_message": "[{\"changed\": {\"fields\": [\"Title\"]}}]"}}, {"model": "admin.logentry", "pk": 235, "fields": {"action_time": "2020-10-02T18:20:02.827Z", "user": 1, "content_type": 38, "object_id": "1", "object_repr": "Electronics shop", "action_flag": 2, "change_message": "[{\"changed\": {\"fields\": [\"Title\"]}}]"}}, {"model": "admin.logentry", "pk": 236, "fields": {"action_time": "2020-10-02T18:34:58.003Z", "user": 1, "content_type": 38, "object_id": "12", "object_repr": "Furniture", "action_flag": 1, "change_message": "[{\"added\": {}}]"}}, {"model": "admin.logentry", "pk": 237, "fields": {"action_time": "2020-10-02T18:35:25.277Z", "user": 1, "content_type": 38, "object_id": "13", "object_repr": "Beds", "action_flag": 1, "change_message": "[{\"added\": {}}]"}}, {"model": "admin.logentry", "pk": 238, "fields": {"action_time": "2020-10-02T18:35:49.629Z", "user": 1, "content_type": 38, "object_id": "14", "object_repr": "Sofa Sets", "action_flag": 1, "change_message": "[{\"added\": {}}]"}}, {"model": "admin.logentry", "pk": 239, "fields": {"action_time": "2020-10-02T18:36:27.632Z", "user": 1, "content_type": 38, "object_id": "15", "object_repr": "King size", "action_flag": 1, "change_message": "[{\"added\": {}}]"}}, {"model": "admin.logentry", "pk": 240, "fields": {"action_time": "2020-10-02T19:19:25.703Z", "user": 1, "content_type": 20, "object_id": "12", "object_repr": "Dragon Touch 4K Action Camera", "action_flag": 2, "change_message": "[{\"changed\": {\"fields\": [\"Is bestseller\", \"Is featured\", \"Product categories\"]}}]"}}, {"model": "admin.logentry", "pk": 241, "fields": {"action_time": "2020-10-02T19:24:41.574Z", "user": 1, "content_type": 20, "object_id": "12", "object_repr": "Dragon Touch 4K Action Camera", "action_flag": 2, "change_message": "[{\"changed\": {\"fields\": [\"Product categories\"]}}]"}}, {"model": "admin.logentry", "pk": 242, "fields": {"action_time": "2020-10-03T12:46:57.403Z", "user": 1, "content_type": 38, "object_id": "16", "object_repr": "Art Photographs", "action_flag": 1, "change_message": "[{\"added\": {}}]"}}, {"model": "admin.logentry", "pk": 246, "fields": {"action_time": "2020-10-05T10:49:53.613Z", "user": 1, "content_type": 38, "object_id": "3", "object_repr": "Samsung", "action_flag": 3, "change_message": ""}}, {"model": "admin.logentry", "pk": 247, "fields": {"action_time": "2020-10-05T10:53:35.869Z", "user": 1, "content_type": 38, "object_id": "1", "object_repr": "Electronics shop", "action_flag": 3, "change_message": ""}}, {"model": "admin.logentry", "pk": 248, "fields": {"action_time": "2020-10-05T16:52:04.095Z", "user": 1, "content_type": 38, "object_id": "1", "object_repr": "Electronics", "action_flag": 2, "change_message": "[{\"changed\": {\"fields\": [\"Title\", \"Slug\"]}}]"}}, {"model": "admin.logentry", "pk": 249, "fields": {"action_time": "2020-10-05T17:25:24.144Z", "user": 1, "content_type": 38, "object_id": "17", "object_repr": "Laptops", "action_flag": 1, "change_message": "[{\"added\": {}}]"}}, {"model": "admin.logentry", "pk": 250, "fields": {"action_time": "2020-10-05T17:29:04.741Z", "user": 1, "content_type": 38, "object_id": "2", "object_repr": "Mobile Phones", "action_flag": 2, "change_message": "[{\"changed\": {\"fields\": [\"Slug\"]}}]"}}, {"model": "admin.logentry", "pk": 251, "fields": {"action_time": "2020-10-05T18:01:57.689Z", "user": 1, "content_type": 38, "object_id": "18", "object_repr": "Dell", "action_flag": 1, "change_message": "[{\"added\": {}}]"}}, {"model": "admin.logentry", "pk": 252, "fields": {"action_time": "2020-10-05T19:28:38.561Z", "user": 1, "content_type": 20, "object_id": "12", "object_repr": "Dragon Touch 4K Action Camera", "action_flag": 2, "change_message": "[{\"changed\": {\"fields\": [\"Product categories\"]}}]"}}, {"model": "admin.logentry", "pk": 253, "fields": {"action_time": "2020-10-05T19:29:18.950Z", "user": 1, "content_type": 20, "object_id": "12", "object_repr": "Dragon Touch 4K Action Camera", "action_flag": 2, "change_message": "[{\"changed\": {\"fields\": [\"Product categories\"]}}]"}}, {"model": "admin.logentry", "pk": 254, "fields": {"action_time": "2020-10-05T19:30:53.925Z", "user": 1, "content_type": 20, "object_id": "5", "object_repr": "Samsung", "action_flag": 2, "change_message": "[{\"changed\": {\"fields\": [\"Product categories\"]}}]"}}, {"model": "admin.logentry", "pk": 255, "fields": {"action_time": "2020-10-05T19:31:37.249Z", "user": 1, "content_type": 20, "object_id": "2", "object_repr": "Huawei", "action_flag": 2, "change_message": "[{\"changed\": {\"fields\": [\"Product categories\"]}}]"}}, {"model": "admin.logentry", "pk": 256, "fields": {"action_time": "2020-10-05T19:33:50.435Z", "user": 1, "content_type": 38, "object_id": "12", "object_repr": "Furniture", "action_flag": 2, "change_message": "[{\"changed\": {\"fields\": [\"Slug\"]}}]"}}, {"model": "admin.logentry", "pk": 257, "fields": {"action_time": "2020-10-05T19:34:01.339Z", "user": 1, "content_type": 38, "object_id": "11", "object_repr": "Art & Craft", "action_flag": 2, "change_message": "[{\"changed\": {\"fields\": [\"Slug\"]}}]"}}, {"model": "admin.logentry", "pk": 258, "fields": {"action_time": "2020-10-05T19:34:16.734Z", "user": 1, "content_type": 38, "object_id": "8", "object_repr": "Books collection", "action_flag": 2, "change_message": "[{\"changed\": {\"fields\": [\"Slug\"]}}]"}}, {"model": "admin.logentry", "pk": 259, "fields": {"action_time": "2020-10-05T19:34:30.998Z", "user": 1, "content_type": 38, "object_id": "9", "object_repr": "Novels", "action_flag": 2, "change_message": "[{\"changed\": {\"fields\": [\"Slug\"]}}]"}}, {"model": "admin.logentry", "pk": 260, "fields": {"action_time": "2020-10-05T19:34:42.743Z", "user": 1, "content_type": 38, "object_id": "10", "object_repr": "Romance love", "action_flag": 2, "change_message": "[{\"changed\": {\"fields\": [\"Slug\"]}}]"}}, {"model": "admin.logentry", "pk": 261, "fields": {"action_time": "2020-10-05T19:35:20.701Z", "user": 1, "content_type": 38, "object_id": "13", "object_repr": "Beds", "action_flag": 2, "change_message": "[{\"changed\": {\"fields\": [\"Slug\"]}}]"}}, {"model": "admin.logentry", "pk": 262, "fields": {"action_time": "2020-10-05T19:35:35.133Z", "user": 1, "content_type": 38, "object_id": "14", "object_repr": "Sofa Sets", "action_flag": 2, "change_message": "[{\"changed\": {\"fields\": [\"Slug\"]}}]"}}, {"model": "admin.logentry", "pk": 263, "fields": {"action_time": "2020-10-05T19:37:12.210Z", "user": 1, "content_type": 38, "object_id": "5", "object_repr": "Huawei", "action_flag": 2, "change_message": "[{\"changed\": {\"fields\": [\"Slug\"]}}]"}}, {"model": "admin.logentry", "pk": 265, "fields": {"action_time": "2020-10-05T19:39:26.190Z", "user": 1, "content_type": 38, "object_id": "6", "object_repr": "mate 7", "action_flag": 2, "change_message": "[{\"changed\": {\"fields\": [\"Slug\"]}}]"}}, {"model": "admin.logentry", "pk": 266, "fields": {"action_time": "2020-10-05T19:41:00.743Z", "user": 1, "content_type": 38, "object_id": "15", "object_repr": "King size", "action_flag": 2, "change_message": "[{\"changed\": {\"fields\": [\"Slug\"]}}]"}}, {"model": "admin.logentry", "pk": 267, "fields": {"action_time": "2020-10-05T19:42:36.853Z", "user": 1, "content_type": 38, "object_id": "7", "object_repr": "Samsung galaxy s4", "action_flag": 2, "change_message": "[{\"changed\": {\"fields\": [\"Slug\"]}}]"}}, {"model": "admin.logentry", "pk": 268, "fields": {"action_time": "2020-10-05T19:44:02.151Z", "user": 1, "content_type": 38, "object_id": "7", "object_repr": "Samsung galaxy s4", "action_flag": 3, "change_message": ""}}, {"model": "admin.logentry", "pk": 269, "fields": {"action_time": "2020-10-05T19:44:15.475Z", "user": 1, "content_type": 38, "object_id": "6", "object_repr": "mate 7", "action_flag": 3, "change_message": ""}}, {"model": "admin.logentry", "pk": 271, "fields": {"action_time": "2020-10-05T19:45:44.061Z", "user": 1, "content_type": 20, "object_id": "2", "object_repr": "Huawei", "action_flag": 2, "change_message": "[{\"changed\": {\"fields\": [\"Product categories\"]}}]"}}, {"model": "admin.logentry", "pk": 272, "fields": {"action_time": "2020-10-05T19:45:59.568Z", "user": 1, "content_type": 38, "object_id": "5", "object_repr": "Huawei", "action_flag": 3, "change_message": ""}}, {"model": "admin.logentry", "pk": 275, "fields": {"action_time": "2020-10-05T19:53:26.976Z", "user": 1, "content_type": 38, "object_id": "3", "object_repr": "Samsung", "action_flag": 2, "change_message": "[{\"changed\": {\"fields\": [\"Slug\"]}}]"}}, {"model": "admin.logentry", "pk": 276, "fields": {"action_time": "2020-10-05T19:53:38.083Z", "user": 1, "content_type": 38, "object_id": "3", "object_repr": "Samsung", "action_flag": 3, "change_message": ""}}, {"model": "admin.logentry", "pk": 277, "fields": {"action_time": "2020-10-05T19:53:59.129Z", "user": 1, "content_type": 38, "object_id": "18", "object_repr": "Dell", "action_flag": 3, "change_message": ""}}, {"model": "admin.logentry", "pk": 278, "fields": {"action_time": "2020-10-05T19:54:34.237Z", "user": 1, "content_type": 38, "object_id": "15", "object_repr": "King size", "action_flag": 3, "change_message": ""}}, {"model": "admin.logentry", "pk": 279, "fields": {"action_time": "2020-10-05T19:54:45.317Z", "user": 1, "content_type": 38, "object_id": "14", "object_repr": "Sofa Sets", "action_flag": 3, "change_message": ""}}, {"model": "admin.logentry", "pk": 280, "fields": {"action_time": "2020-10-05T19:57:56.821Z", "user": 1, "content_type": 38, "object_id": "19", "object_repr": "Electric Charges", "action_flag": 1, "change_message": "[{\"added\": {}}]"}}, {"model": "admin.logentry", "pk": 281, "fields": {"action_time": "2020-10-06T12:43:45.824Z", "user": 1, "content_type": 36, "object_id": "1", "object_repr": "Variation object (1)", "action_flag": 1, "change_message": "[{\"added\": {}}]"}}, {"model": "admin.logentry", "pk": 282, "fields": {"action_time": "2020-10-06T12:43:58.510Z", "user": 1, "content_type": 36, "object_id": "1", "object_repr": "Variation object (1)", "action_flag": 2, "change_message": "[{\"changed\": {\"fields\": [\"Variation name\"]}}]"}}, {"model": "admin.logentry", "pk": 283, "fields": {"action_time": "2020-10-06T12:44:46.083Z", "user": 1, "content_type": 36, "object_id": "2", "object_repr": "Medium", "action_flag": 1, "change_message": "[{\"added\": {}}]"}}, {"model": "admin.logentry", "pk": 284, "fields": {"action_time": "2020-10-06T12:45:13.769Z", "user": 1, "content_type": 36, "object_id": "3", "object_repr": "Large", "action_flag": 1, "change_message": "[{\"added\": {}}]"}}, {"model": "admin.logentry", "pk": 285, "fields": {"action_time": "2020-10-06T12:53:18.849Z", "user": 1, "content_type": 36, "object_id": "3", "object_repr": "Large", "action_flag": 3, "change_message": ""}}, {"model": "admin.logentry", "pk": 286, "fields": {"action_time": "2020-10-06T12:53:18.882Z", "user": 1, "content_type": 36, "object_id": "2", "object_repr": "Medium", "action_flag": 3, "change_message": ""}}, {"model": "admin.logentry", "pk": 287, "fields": {"action_time": "2020-10-06T12:53:18.907Z", "user": 1, "content_type": 36, "object_id": "1", "object_repr": "Small", "action_flag": 3, "change_message": ""}}, {"model": "admin.logentry", "pk": 288, "fields": {"action_time": "2020-10-06T12:54:31.273Z", "user": 1, "content_type": 36, "object_id": "4", "object_repr": "Size", "action_flag": 1, "change_message": "[{\"added\": {}}]"}}, {"model": "admin.logentry", "pk": 289, "fields": {"action_time": "2020-10-06T12:54:55.750Z", "user": 1, "content_type": 40, "object_id": "1", "object_repr": "Variation_options object (1)", "action_flag": 1, "change_message": "[{\"added\": {}}]"}}, {"model": "admin.logentry", "pk": 290, "fields": {"action_time": "2020-10-06T12:55:57.266Z", "user": 1, "content_type": 40, "object_id": "2", "object_repr": "Medium", "action_flag": 1, "change_message": "[{\"added\": {}}]"}}, {"model": "admin.logentry", "pk": 291, "fields": {"action_time": "2020-10-06T12:56:05.332Z", "user": 1, "content_type": 40, "object_id": "3", "object_repr": "Large", "action_flag": 1, "change_message": "[{\"added\": {}}]"}}, {"model": "admin.logentry", "pk": 292, "fields": {"action_time": "2020-10-06T12:56:23.466Z", "user": 1, "content_type": 40, "object_id": "4", "object_repr": "Extra large", "action_flag": 1, "change_message": "[{\"added\": {}}]"}}, {"model": "admin.logentry", "pk": 293, "fields": {"action_time": "2020-10-06T13:06:43.097Z", "user": 1, "content_type": 41, "object_id": "1", "object_repr": "Small", "action_flag": 1, "change_message": "[{\"added\": {}}]"}}, {"model": "admin.logentry", "pk": 294, "fields": {"action_time": "2020-10-06T13:09:29.902Z", "user": 1, "content_type": 41, "object_id": "1", "object_repr": "Dragon Touch 4K Action Camera", "action_flag": 3, "change_message": ""}}, {"model": "admin.logentry", "pk": 295, "fields": {"action_time": "2020-10-06T18:56:17.607Z", "user": 1, "content_type": 38, "object_id": "1", "object_repr": "Computers & Laptops", "action_flag": 2, "change_message": "[{\"changed\": {\"fields\": [\"Title\", \"Slug\"]}}]"}}, {"model": "admin.logentry", "pk": 296, "fields": {"action_time": "2020-10-06T18:58:04.466Z", "user": 1, "content_type": 38, "object_id": "20", "object_repr": "Cameras & Photos", "action_flag": 1, "change_message": "[{\"added\": {}}]"}}, {"model": "admin.logentry", "pk": 297, "fields": {"action_time": "2020-10-06T18:59:36.839Z", "user": 1, "content_type": 38, "object_id": "21", "object_repr": "Hardware", "action_flag": 1, "change_message": "[{\"added\": {}}]"}}, {"model": "admin.logentry", "pk": 298, "fields": {"action_time": "2020-10-06T19:01:51.123Z", "user": 1, "content_type": 38, "object_id": "22", "object_repr": "TV & Audio", "action_flag": 1, "change_message": "[{\"added\": {}}]"}}, {"model": "admin.logentry", "pk": 299, "fields": {"action_time": "2020-10-06T19:03:31.980Z", "user": 1, "content_type": 38, "object_id": "23", "object_repr": "Gadgets", "action_flag": 1, "change_message": "[{\"added\": {}}]"}}, {"model": "admin.logentry", "pk": 300, "fields": {"action_time": "2020-10-06T19:05:11.703Z", "user": 1, "content_type": 38, "object_id": "24", "object_repr": "Car Electronics", "action_flag": 1, "change_message": "[{\"added\": {}}]"}}, {"model": "admin.logentry", "pk": 301, "fields": {"action_time": "2020-10-06T19:07:37.398Z", "user": 1, "content_type": 38, "object_id": "25", "object_repr": "Video Games  & Consoles", "action_flag": 1, "change_message": "[{\"added\": {}}]"}}, {"model": "admin.logentry", "pk": 302, "fields": {"action_time": "2020-10-06T20:08:48.242Z", "user": 1, "content_type": 42, "object_id": "1", "object_repr": "Camera for sale", "action_flag": 1, "change_message": "[{\"added\": {}}]"}}, {"model": "admin.logentry", "pk": 303, "fields": {"action_time": "2020-10-06T21:12:42.940Z", "user": 1, "content_type": 42, "object_id": "1", "object_repr": "Camera for sale", "action_flag": 2, "change_message": "[{\"changed\": {\"fields\": [\"Link url\"]}}]"}}, {"model": "admin.logentry", "pk": 304, "fields": {"action_time": "2020-10-06T21:26:07.175Z", "user": 1, "content_type": 42, "object_id": "1", "object_repr": "Camera for sale", "action_flag": 2, "change_message": "[{\"changed\": {\"fields\": [\"Image\"]}}]"}}, {"model": "admin.logentry", "pk": 305, "fields": {"action_time": "2020-10-06T23:15:44.853Z", "user": 1, "content_type": 38, "object_id": "26", "object_repr": "Dell", "action_flag": 1, "change_message": "[{\"added\": {}}]"}}, {"model": "admin.logentry", "pk": 306, "fields": {"action_time": "2020-10-06T23:15:55.499Z", "user": 1, "content_type": 38, "object_id": "27", "object_repr": "Dell", "action_flag": 1, "change_message": "[{\"added\": {}}]"}}, {"model": "admin.logentry", "pk": 307, "fields": {"action_time": "2020-10-07T00:09:35.043Z", "user": 1, "content_type": 38, "object_id": "26", "object_repr": "Dell", "action_flag": 3, "change_message": ""}}, {"model": "admin.logentry", "pk": 308, "fields": {"action_time": "2020-10-07T01:20:22.823Z", "user": 1, "content_type": 42, "object_id": "1", "object_repr": "Get new era smartphones", "action_flag": 2, "change_message": "[{\"changed\": {\"fields\": [\"Banner text\"]}}]"}}, {"model": "admin.logentry", "pk": 309, "fields": {"action_time": "2020-10-07T03:31:57.119Z", "user": 1, "content_type": 42, "object_id": "1", "object_repr": "Quality is fundamental. Enjoy the Scenery around you.", "action_flag": 2, "change_message": "[{\"changed\": {\"fields\": [\"Banner text\"]}}]"}}, {"model": "admin.logentry", "pk": 310, "fields": {"action_time": "2020-10-07T03:33:05.212Z", "user": 1, "content_type": 42, "object_id": "1", "object_repr": "Nature Awaits", "action_flag": 2, "change_message": "[{\"changed\": {\"fields\": [\"Banner text\"]}}]"}}, {"model": "auth.permission", "pk": 1, "fields": {"name": "Can add log entry", "content_type": 1, "codename": "add_logentry"}}, {"model": "auth.permission", "pk": 2, "fields": {"name": "Can change log entry", "content_type": 1, "codename": "change_logentry"}}, {"model": "auth.permission", "pk": 3, "fields": {"name": "Can delete log entry", "content_type": 1, "codename": "delete_logentry"}}, {"model": "auth.permission", "pk": 4, "fields": {"name": "Can view log entry", "content_type": 1, "codename": "view_logentry"}}, {"model": "auth.permission", "pk": 5, "fields": {"name": "Can add permission", "content_type": 2, "codename": "add_permission"}}, {"model": "auth.permission", "pk": 6, "fields": {"name": "Can change permission", "content_type": 2, "codename": "change_permission"}}, {"model": "auth.permission", "pk": 7, "fields": {"name": "Can delete permission", "content_type": 2, "codename": "delete_permission"}}, {"model": "auth.permission", "pk": 8, "fields": {"name": "Can view permission", "content_type": 2, "codename": "view_permission"}}, {"model": "auth.permission", "pk": 9, "fields": {"name": "Can add group", "content_type": 3, "codename": "add_group"}}, {"model": "auth.permission", "pk": 10, "fields": {"name": "Can change group", "content_type": 3, "codename": "change_group"}}, {"model": "auth.permission", "pk": 11, "fields": {"name": "Can delete group", "content_type": 3, "codename": "delete_group"}}, {"model": "auth.permission", "pk": 12, "fields": {"name": "Can view group", "content_type": 3, "codename": "view_group"}}, {"model": "auth.permission", "pk": 13, "fields": {"name": "Can add content type", "content_type": 4, "codename": "add_contenttype"}}, {"model": "auth.permission", "pk": 14, "fields": {"name": "Can change content type", "content_type": 4, "codename": "change_contenttype"}}, {"model": "auth.permission", "pk": 15, "fields": {"name": "Can delete content type", "content_type": 4, "codename": "delete_contenttype"}}, {"model": "auth.permission", "pk": 16, "fields": {"name": "Can view content type", "content_type": 4, "codename": "view_contenttype"}}, {"model": "auth.permission", "pk": 17, "fields": {"name": "Can add session", "content_type": 5, "codename": "add_session"}}, {"model": "auth.permission", "pk": 18, "fields": {"name": "Can change session", "content_type": 5, "codename": "change_session"}}, {"model": "auth.permission", "pk": 19, "fields": {"name": "Can delete session", "content_type": 5, "codename": "delete_session"}}, {"model": "auth.permission", "pk": 20, "fields": {"name": "Can view session", "content_type": 5, "codename": "view_session"}}, {"model": "auth.permission", "pk": 21, "fields": {"name": "Can add site", "content_type": 6, "codename": "add_site"}}, {"model": "auth.permission", "pk": 22, "fields": {"name": "Can change site", "content_type": 6, "codename": "change_site"}}, {"model": "auth.permission", "pk": 23, "fields": {"name": "Can delete site", "content_type": 6, "codename": "delete_site"}}, {"model": "auth.permission", "pk": 24, "fields": {"name": "Can view site", "content_type": 6, "codename": "view_site"}}, {"model": "auth.permission", "pk": 25, "fields": {"name": "Can add flat page", "content_type": 7, "codename": "add_flatpage"}}, {"model": "auth.permission", "pk": 26, "fields": {"name": "Can change flat page", "content_type": 7, "codename": "change_flatpage"}}, {"model": "auth.permission", "pk": 27, "fields": {"name": "Can delete flat page", "content_type": 7, "codename": "delete_flatpage"}}, {"model": "auth.permission", "pk": 28, "fields": {"name": "Can view flat page", "content_type": 7, "codename": "view_flatpage"}}, {"model": "auth.permission", "pk": 29, "fields": {"name": "Can add redirect", "content_type": 8, "codename": "add_redirect"}}, {"model": "auth.permission", "pk": 30, "fields": {"name": "Can change redirect", "content_type": 8, "codename": "change_redirect"}}, {"model": "auth.permission", "pk": 31, "fields": {"name": "Can delete redirect", "content_type": 8, "codename": "delete_redirect"}}, {"model": "auth.permission", "pk": 32, "fields": {"name": "Can view redirect", "content_type": 8, "codename": "view_redirect"}}, {"model": "auth.permission", "pk": 33, "fields": {"name": "Can add ma dere", "content_type": 9, "codename": "add_madere"}}, {"model": "auth.permission", "pk": 34, "fields": {"name": "Can change ma dere", "content_type": 9, "codename": "change_madere"}}, {"model": "auth.permission", "pk": 35, "fields": {"name": "Can delete ma dere", "content_type": 9, "codename": "delete_madere"}}, {"model": "auth.permission", "pk": 36, "fields": {"name": "Can view ma dere", "content_type": 9, "codename": "view_madere"}}, {"model": "auth.permission", "pk": 37, "fields": {"name": "Can add user", "content_type": 10, "codename": "add_user"}}, {"model": "auth.permission", "pk": 38, "fields": {"name": "Can change user", "content_type": 10, "codename": "change_user"}}, {"model": "auth.permission", "pk": 39, "fields": {"name": "Can delete user", "content_type": 10, "codename": "delete_user"}}, {"model": "auth.permission", "pk": 40, "fields": {"name": "Can view user", "content_type": 10, "codename": "view_user"}}, {"model": "auth.permission", "pk": 41, "fields": {"name": "Can add business information", "content_type": 11, "codename": "add_businessinformation"}}, {"model": "auth.permission", "pk": 42, "fields": {"name": "Can change business information", "content_type": 11, "codename": "change_businessinformation"}}, {"model": "auth.permission", "pk": 43, "fields": {"name": "Can delete business information", "content_type": 11, "codename": "delete_businessinformation"}}, {"model": "auth.permission", "pk": 44, "fields": {"name": "Can view business information", "content_type": 11, "codename": "view_businessinformation"}}, {"model": "auth.permission", "pk": 45, "fields": {"name": "Can add profile", "content_type": 12, "codename": "add_profile"}}, {"model": "auth.permission", "pk": 46, "fields": {"name": "Can change profile", "content_type": 12, "codename": "change_profile"}}, {"model": "auth.permission", "pk": 47, "fields": {"name": "Can delete profile", "content_type": 12, "codename": "delete_profile"}}, {"model": "auth.permission", "pk": 48, "fields": {"name": "Can view profile", "content_type": 12, "codename": "view_profile"}}, {"model": "auth.permission", "pk": 49, "fields": {"name": "Can add automobile profile", "content_type": 13, "codename": "add_automobileprofile"}}, {"model": "auth.permission", "pk": 50, "fields": {"name": "Can change automobile profile", "content_type": 13, "codename": "change_automobileprofile"}}, {"model": "auth.permission", "pk": 51, "fields": {"name": "Can delete automobile profile", "content_type": 13, "codename": "delete_automobileprofile"}}, {"model": "auth.permission", "pk": 52, "fields": {"name": "Can view automobile profile", "content_type": 13, "codename": "view_automobileprofile"}}, {"model": "auth.permission", "pk": 53, "fields": {"name": "Can add seller profile", "content_type": 14, "codename": "add_sellerprofile"}}, {"model": "auth.permission", "pk": 54, "fields": {"name": "Can change seller profile", "content_type": 14, "codename": "change_sellerprofile"}}, {"model": "auth.permission", "pk": 55, "fields": {"name": "Can delete seller profile", "content_type": 14, "codename": "delete_sellerprofile"}}, {"model": "auth.permission", "pk": 56, "fields": {"name": "Can view seller profile", "content_type": 14, "codename": "view_sellerprofile"}}, {"model": "auth.permission", "pk": 57, "fields": {"name": "Can add category", "content_type": 15, "codename": "add_category"}}, {"model": "auth.permission", "pk": 58, "fields": {"name": "Can change category", "content_type": 15, "codename": "change_category"}}, {"model": "auth.permission", "pk": 59, "fields": {"name": "Can delete category", "content_type": 15, "codename": "delete_category"}}, {"model": "auth.permission", "pk": 60, "fields": {"name": "Can view category", "content_type": 15, "codename": "view_category"}}, {"model": "auth.permission", "pk": 61, "fields": {"name": "Can add address", "content_type": 16, "codename": "add_address"}}, {"model": "auth.permission", "pk": 62, "fields": {"name": "Can change address", "content_type": 16, "codename": "change_address"}}, {"model": "auth.permission", "pk": 63, "fields": {"name": "Can delete address", "content_type": 16, "codename": "delete_address"}}, {"model": "auth.permission", "pk": 64, "fields": {"name": "Can view address", "content_type": 16, "codename": "view_address"}}, {"model": "auth.permission", "pk": 65, "fields": {"name": "Can add coupon", "content_type": 17, "codename": "add_coupon"}}, {"model": "auth.permission", "pk": 66, "fields": {"name": "Can change coupon", "content_type": 17, "codename": "change_coupon"}}, {"model": "auth.permission", "pk": 67, "fields": {"name": "Can delete coupon", "content_type": 17, "codename": "delete_coupon"}}, {"model": "auth.permission", "pk": 68, "fields": {"name": "Can view coupon", "content_type": 17, "codename": "view_coupon"}}, {"model": "auth.permission", "pk": 69, "fields": {"name": "Can add order", "content_type": 18, "codename": "add_order"}}, {"model": "auth.permission", "pk": 70, "fields": {"name": "Can change order", "content_type": 18, "codename": "change_order"}}, {"model": "auth.permission", "pk": 71, "fields": {"name": "Can delete order", "content_type": 18, "codename": "delete_order"}}, {"model": "auth.permission", "pk": 72, "fields": {"name": "Can view order", "content_type": 18, "codename": "view_order"}}, {"model": "auth.permission", "pk": 73, "fields": {"name": "Can add order item", "content_type": 19, "codename": "add_orderitem"}}, {"model": "auth.permission", "pk": 74, "fields": {"name": "Can change order item", "content_type": 19, "codename": "change_orderitem"}}, {"model": "auth.permission", "pk": 75, "fields": {"name": "Can delete order item", "content_type": 19, "codename": "delete_orderitem"}}, {"model": "auth.permission", "pk": 76, "fields": {"name": "Can view order item", "content_type": 19, "codename": "view_orderitem"}}, {"model": "auth.permission", "pk": 77, "fields": {"name": "Can add product", "content_type": 20, "codename": "add_product"}}, {"model": "auth.permission", "pk": 78, "fields": {"name": "Can change product", "content_type": 20, "codename": "change_product"}}, {"model": "auth.permission", "pk": 79, "fields": {"name": "Can delete product", "content_type": 20, "codename": "delete_product"}}, {"model": "auth.permission", "pk": 80, "fields": {"name": "Can view product", "content_type": 20, "codename": "view_product"}}, {"model": "auth.permission", "pk": 81, "fields": {"name": "Can add product image", "content_type": 21, "codename": "add_productimage"}}, {"model": "auth.permission", "pk": 82, "fields": {"name": "Can change product image", "content_type": 21, "codename": "change_productimage"}}, {"model": "auth.permission", "pk": 83, "fields": {"name": "Can delete product image", "content_type": 21, "codename": "delete_productimage"}}, {"model": "auth.permission", "pk": 84, "fields": {"name": "Can view product image", "content_type": 21, "codename": "view_productimage"}}, {"model": "auth.permission", "pk": 85, "fields": {"name": "Can add product review", "content_type": 22, "codename": "add_productreview"}}, {"model": "auth.permission", "pk": 86, "fields": {"name": "Can change product review", "content_type": 22, "codename": "change_productreview"}}, {"model": "auth.permission", "pk": 87, "fields": {"name": "Can delete product review", "content_type": 22, "codename": "delete_productreview"}}, {"model": "auth.permission", "pk": 88, "fields": {"name": "Can view product review", "content_type": 22, "codename": "view_productreview"}}, {"model": "auth.permission", "pk": 89, "fields": {"name": "Can add request refund", "content_type": 23, "codename": "add_requestrefund"}}, {"model": "auth.permission", "pk": 90, "fields": {"name": "Can change request refund", "content_type": 23, "codename": "change_requestrefund"}}, {"model": "auth.permission", "pk": 91, "fields": {"name": "Can delete request refund", "content_type": 23, "codename": "delete_requestrefund"}}, {"model": "auth.permission", "pk": 92, "fields": {"name": "Can view request refund", "content_type": 23, "codename": "view_requestrefund"}}, {"model": "auth.permission", "pk": 93, "fields": {"name": "Can add stripe payment", "content_type": 24, "codename": "add_stripepayment"}}, {"model": "auth.permission", "pk": 94, "fields": {"name": "Can change stripe payment", "content_type": 24, "codename": "change_stripepayment"}}, {"model": "auth.permission", "pk": 95, "fields": {"name": "Can delete stripe payment", "content_type": 24, "codename": "delete_stripepayment"}}, {"model": "auth.permission", "pk": 96, "fields": {"name": "Can view stripe payment", "content_type": 24, "codename": "view_stripepayment"}}, {"model": "auth.permission", "pk": 97, "fields": {"name": "Can add search term", "content_type": 25, "codename": "add_searchterm"}}, {"model": "auth.permission", "pk": 98, "fields": {"name": "Can change search term", "content_type": 25, "codename": "change_searchterm"}}, {"model": "auth.permission", "pk": 99, "fields": {"name": "Can delete search term", "content_type": 25, "codename": "delete_searchterm"}}, {"model": "auth.permission", "pk": 100, "fields": {"name": "Can view search term", "content_type": 25, "codename": "view_searchterm"}}, {"model": "auth.permission", "pk": 101, "fields": {"name": "Can add business information", "content_type": 26, "codename": "add_businessinformation"}}, {"model": "auth.permission", "pk": 102, "fields": {"name": "Can change business information", "content_type": 26, "codename": "change_businessinformation"}}, {"model": "auth.permission", "pk": 103, "fields": {"name": "Can delete business information", "content_type": 26, "codename": "delete_businessinformation"}}, {"model": "auth.permission", "pk": 104, "fields": {"name": "Can view business information", "content_type": 26, "codename": "view_businessinformation"}}, {"model": "auth.permission", "pk": 105, "fields": {"name": "Can add sellers", "content_type": 27, "codename": "add_sellers"}}, {"model": "auth.permission", "pk": 106, "fields": {"name": "Can change sellers", "content_type": 27, "codename": "change_sellers"}}, {"model": "auth.permission", "pk": 107, "fields": {"name": "Can delete sellers", "content_type": 27, "codename": "delete_sellers"}}, {"model": "auth.permission", "pk": 108, "fields": {"name": "Can view sellers", "content_type": 27, "codename": "view_sellers"}}, {"model": "auth.permission", "pk": 109, "fields": {"name": "Can add product view", "content_type": 28, "codename": "add_productview"}}, {"model": "auth.permission", "pk": 110, "fields": {"name": "Can change product view", "content_type": 28, "codename": "change_productview"}}, {"model": "auth.permission", "pk": 111, "fields": {"name": "Can delete product view", "content_type": 28, "codename": "delete_productview"}}, {"model": "auth.permission", "pk": 112, "fields": {"name": "Can view product view", "content_type": 28, "codename": "view_productview"}}, {"model": "auth.permission", "pk": 113, "fields": {"name": "Can add tag", "content_type": 29, "codename": "add_tag"}}, {"model": "auth.permission", "pk": 114, "fields": {"name": "Can change tag", "content_type": 29, "codename": "change_tag"}}, {"model": "auth.permission", "pk": 115, "fields": {"name": "Can delete tag", "content_type": 29, "codename": "delete_tag"}}, {"model": "auth.permission", "pk": 116, "fields": {"name": "Can view tag", "content_type": 29, "codename": "view_tag"}}, {"model": "auth.permission", "pk": 117, "fields": {"name": "Can add tagged item", "content_type": 30, "codename": "add_taggeditem"}}, {"model": "auth.permission", "pk": 118, "fields": {"name": "Can change tagged item", "content_type": 30, "codename": "change_taggeditem"}}, {"model": "auth.permission", "pk": 119, "fields": {"name": "Can delete tagged item", "content_type": 30, "codename": "delete_taggeditem"}}, {"model": "auth.permission", "pk": 120, "fields": {"name": "Can view tagged item", "content_type": 30, "codename": "view_taggeditem"}}, {"model": "auth.permission", "pk": 121, "fields": {"name": "Can add Token", "content_type": 31, "codename": "add_token"}}, {"model": "auth.permission", "pk": 122, "fields": {"name": "Can change Token", "content_type": 31, "codename": "change_token"}}, {"model": "auth.permission", "pk": 123, "fields": {"name": "Can delete Token", "content_type": 31, "codename": "delete_token"}}, {"model": "auth.permission", "pk": 124, "fields": {"name": "Can view Token", "content_type": 31, "codename": "view_token"}}, {"model": "auth.permission", "pk": 125, "fields": {"name": "Can add email confirmed", "content_type": 32, "codename": "add_emailconfirmed"}}, {"model": "auth.permission", "pk": 126, "fields": {"name": "Can change email confirmed", "content_type": 32, "codename": "change_emailconfirmed"}}, {"model": "auth.permission", "pk": 127, "fields": {"name": "Can delete email confirmed", "content_type": 32, "codename": "delete_emailconfirmed"}}, {"model": "auth.permission", "pk": 128, "fields": {"name": "Can view email confirmed", "content_type": 32, "codename": "view_emailconfirmed"}}, {"model": "auth.permission", "pk": 129, "fields": {"name": "Can add marketing message", "content_type": 33, "codename": "add_marketingmessage"}}, {"model": "auth.permission", "pk": 130, "fields": {"name": "Can change marketing message", "content_type": 33, "codename": "change_marketingmessage"}}, {"model": "auth.permission", "pk": 131, "fields": {"name": "Can delete marketing message", "content_type": 33, "codename": "delete_marketingmessage"}}, {"model": "auth.permission", "pk": 132, "fields": {"name": "Can view marketing message", "content_type": 33, "codename": "view_marketingmessage"}}, {"model": "auth.permission", "pk": 133, "fields": {"name": "Can add slider", "content_type": 34, "codename": "add_slider"}}, {"model": "auth.permission", "pk": 134, "fields": {"name": "Can change slider", "content_type": 34, "codename": "change_slider"}}, {"model": "auth.permission", "pk": 135, "fields": {"name": "Can delete slider", "content_type": 34, "codename": "delete_slider"}}, {"model": "auth.permission", "pk": 136, "fields": {"name": "Can view slider", "content_type": 34, "codename": "view_slider"}}, {"model": "auth.permission", "pk": 137, "fields": {"name": "Can add marketing emails", "content_type": 35, "codename": "add_marketingemails"}}, {"model": "auth.permission", "pk": 138, "fields": {"name": "Can change marketing emails", "content_type": 35, "codename": "change_marketingemails"}}, {"model": "auth.permission", "pk": 139, "fields": {"name": "Can delete marketing emails", "content_type": 35, "codename": "delete_marketingemails"}}, {"model": "auth.permission", "pk": 140, "fields": {"name": "Can view marketing emails", "content_type": 35, "codename": "view_marketingemails"}}, {"model": "auth.permission", "pk": 141, "fields": {"name": "Can add variation", "content_type": 36, "codename": "add_variation"}}, {"model": "auth.permission", "pk": 142, "fields": {"name": "Can change variation", "content_type": 36, "codename": "change_variation"}}, {"model": "auth.permission", "pk": 143, "fields": {"name": "Can delete variation", "content_type": 36, "codename": "delete_variation"}}, {"model": "auth.permission", "pk": 144, "fields": {"name": "Can view variation", "content_type": 36, "codename": "view_variation"}}, {"model": "auth.permission", "pk": 145, "fields": {"name": "Can add sub category", "content_type": 37, "codename": "add_subcategory"}}, {"model": "auth.permission", "pk": 146, "fields": {"name": "Can change sub category", "content_type": 37, "codename": "change_subcategory"}}, {"model": "auth.permission", "pk": 147, "fields": {"name": "Can delete sub category", "content_type": 37, "codename": "delete_subcategory"}}, {"model": "auth.permission", "pk": 148, "fields": {"name": "Can view sub category", "content_type": 37, "codename": "view_subcategory"}}, {"model": "auth.permission", "pk": 149, "fields": {"name": "Can add Department", "content_type": 38, "codename": "add_department"}}, {"model": "auth.permission", "pk": 150, "fields": {"name": "Can change Department", "content_type": 38, "codename": "change_department"}}, {"model": "auth.permission", "pk": 151, "fields": {"name": "Can delete Department", "content_type": 38, "codename": "delete_department"}}, {"model": "auth.permission", "pk": 152, "fields": {"name": "Can view Department", "content_type": 38, "codename": "view_department"}}, {"model": "auth.permission", "pk": 153, "fields": {"name": "Can add ProductCatalog", "content_type": 39, "codename": "add_productcatalog"}}, {"model": "auth.permission", "pk": 154, "fields": {"name": "Can change ProductCatalog", "content_type": 39, "codename": "change_productcatalog"}}, {"model": "auth.permission", "pk": 155, "fields": {"name": "Can delete ProductCatalog", "content_type": 39, "codename": "delete_productcatalog"}}, {"model": "auth.permission", "pk": 156, "fields": {"name": "Can view ProductCatalog", "content_type": 39, "codename": "view_productcatalog"}}, {"model": "auth.permission", "pk": 157, "fields": {"name": "Can add variation_options", "content_type": 40, "codename": "add_variation_options"}}, {"model": "auth.permission", "pk": 158, "fields": {"name": "Can change variation_options", "content_type": 40, "codename": "change_variation_options"}}, {"model": "auth.permission", "pk": 159, "fields": {"name": "Can delete variation_options", "content_type": 40, "codename": "delete_variation_options"}}, {"model": "auth.permission", "pk": 160, "fields": {"name": "Can view variation_options", "content_type": 40, "codename": "view_variation_options"}}, {"model": "auth.permission", "pk": 161, "fields": {"name": "Can add product image_variations", "content_type": 41, "codename": "add_productimage_variations"}}, {"model": "auth.permission", "pk": 162, "fields": {"name": "Can change product image_variations", "content_type": 41, "codename": "change_productimage_variations"}}, {"model": "auth.permission", "pk": 163, "fields": {"name": "Can delete product image_variations", "content_type": 41, "codename": "delete_productimage_variations"}}, {"model": "auth.permission", "pk": 164, "fields": {"name": "Can view product image_variations", "content_type": 41, "codename": "view_productimage_variations"}}, {"model": "auth.permission", "pk": 165, "fields": {"name": "Can add banner", "content_type": 42, "codename": "add_banner"}}, {"model": "auth.permission", "pk": 166, "fields": {"name": "Can change banner", "content_type": 42, "codename": "change_banner"}}, {"model": "auth.permission", "pk": 167, "fields": {"name": "Can delete banner", "content_type": 42, "codename": "delete_banner"}}, {"model": "auth.permission", "pk": 168, "fields": {"name": "Can view banner", "content_type": 42, "codename": "view_banner"}}, {"model": "auth.permission", "pk": 169, "fields": {"name": "Can add deals", "content_type": 43, "codename": "add_deals"}}, {"model": "auth.permission", "pk": 170, "fields": {"name": "Can change deals", "content_type": 43, "codename": "change_deals"}}, {"model": "auth.permission", "pk": 171, "fields": {"name": "Can delete deals", "content_type": 43, "codename": "delete_deals"}}, {"model": "auth.permission", "pk": 172, "fields": {"name": "Can view deals", "content_type": 43, "codename": "view_deals"}}, {"model": "auth.group", "pk": 1, "fields": {"name": "Employees", "permissions": [57, 58, 60, 64, 66, 68, 70, 72, 74, 76, 77, 78, 79, 80, 81, 82, 83, 84, 88, 90, 92, 96, 97, 98, 99, 100, 105, 106, 107, 108, 109, 110, 111, 112, 49, 50, 52, 41, 44, 56]}}, {"model": "auth.group", "pk": 2, "fields": {"name": "Dispatchers", "permissions": [60, 61, 64, 70, 72, 74, 76, 80, 84, 92]}}, {"model": "auth.group", "pk": 3, "fields": {"name": "Sellers", "permissions": [60, 69, 70, 72, 73, 74, 76, 77, 78, 79, 80, 81, 82, 83, 84, 88, 90, 92, 100]}}, {"model": "contenttypes.contenttype", "pk": 1, "fields": {"app_label": "admin", "model": "logentry"}}, {"model": "contenttypes.contenttype", "pk": 2, "fields": {"app_label": "auth", "model": "permission"}}, {"model": "contenttypes.contenttype", "pk": 3, "fields": {"app_label": "auth", "model": "group"}}, {"model": "contenttypes.contenttype", "pk": 4, "fields": {"app_label": "contenttypes", "model": "contenttype"}}, {"model": "contenttypes.contenttype", "pk": 5, "fields": {"app_label": "sessions", "model": "session"}}, {"model": "contenttypes.contenttype", "pk": 6, "fields": {"app_label": "sites", "model": "site"}}, {"model": "contenttypes.contenttype", "pk": 7, "fields": {"app_label": "flatpages", "model": "flatpage"}}, {"model": "contenttypes.contenttype", "pk": 8, "fields": {"app_label": "redirects", "model": "redirect"}}, {"model": "contenttypes.contenttype", "pk": 9, "fields": {"app_label": "main", "model": "madere"}}, {"model": "contenttypes.contenttype", "pk": 10, "fields": {"app_label": "users", "model": "user"}}, {"model": "contenttypes.contenttype", "pk": 11, "fields": {"app_label": "users", "model": "businessinformation"}}, {"model": "contenttypes.contenttype", "pk": 12, "fields": {"app_label": "users", "model": "profile"}}, {"model": "contenttypes.contenttype", "pk": 13, "fields": {"app_label": "users", "model": "automobileprofile"}}, {"model": "contenttypes.contenttype", "pk": 14, "fields": {"app_label": "users", "model": "sellerprofile"}}, {"model": "contenttypes.contenttype", "pk": 15, "fields": {"app_label": "categories", "model": "category"}}, {"model": "contenttypes.contenttype", "pk": 16, "fields": {"app_label": "me2ushop", "model": "address"}}, {"model": "contenttypes.contenttype", "pk": 17, "fields": {"app_label": "me2ushop", "model": "coupon"}}, {"model": "contenttypes.contenttype", "pk": 18, "fields": {"app_label": "me2ushop", "model": "order"}}, {"model": "contenttypes.contenttype", "pk": 19, "fields": {"app_label": "me2ushop", "model": "orderitem"}}, {"model": "contenttypes.contenttype", "pk": 20, "fields": {"app_label": "me2ushop", "model": "product"}}, {"model": "contenttypes.contenttype", "pk": 21, "fields": {"app_label": "me2ushop", "model": "productimage"}}, {"model": "contenttypes.contenttype", "pk": 22, "fields": {"app_label": "me2ushop", "model": "productreview"}}, {"model": "contenttypes.contenttype", "pk": 23, "fields": {"app_label": "me2ushop", "model": "requestrefund"}}, {"model": "contenttypes.contenttype", "pk": 24, "fields": {"app_label": "me2ushop", "model": "stripepayment"}}, {"model": "contenttypes.contenttype", "pk": 25, "fields": {"app_label": "search", "model": "searchterm"}}, {"model": "contenttypes.contenttype", "pk": 26, "fields": {"app_label": "sellers", "model": "businessinformation"}}, {"model": "contenttypes.contenttype", "pk": 27, "fields": {"app_label": "sellers", "model": "sellers"}}, {"model": "contenttypes.contenttype", "pk": 28, "fields": {"app_label": "stats", "model": "productview"}}, {"model": "contenttypes.contenttype", "pk": 29, "fields": {"app_label": "tagging", "model": "tag"}}, {"model": "contenttypes.contenttype", "pk": 30, "fields": {"app_label": "tagging", "model": "taggeditem"}}, {"model": "contenttypes.contenttype", "pk": 31, "fields": {"app_label": "authtoken", "model": "token"}}, {"model": "contenttypes.contenttype", "pk": 32, "fields": {"app_label": "users", "model": "emailconfirmed"}}, {"model": "contenttypes.contenttype", "pk": 33, "fields": {"app_label": "marketing", "model": "marketingmessage"}}, {"model": "contenttypes.contenttype", "pk": 34, "fields": {"app_label": "marketing", "model": "slider"}}, {"model": "contenttypes.contenttype", "pk": 35, "fields": {"app_label": "marketing", "model": "marketingemails"}}, {"model": "contenttypes.contenttype", "pk": 36, "fields": {"app_label": "me2ushop", "model": "variation"}}, {"model": "contenttypes.contenttype", "pk": 37, "fields": {"app_label": "categories", "model": "subcategory"}}, {"model": "contenttypes.contenttype", "pk": 38, "fields": {"app_label": "categories", "model": "department"}}, {"model": "contenttypes.contenttype", "pk": 39, "fields": {"app_label": "categories", "model": "productcatalog"}}, {"model": "contenttypes.contenttype", "pk": 40, "fields": {"app_label": "me2ushop", "model": "variation_options"}}, {"model": "contenttypes.contenttype", "pk": 41, "fields": {"app_label": "me2ushop", "model": "productimage_variations"}}, {"model": "contenttypes.contenttype", "pk": 42, "fields": {"app_label": "marketing", "model": "banner"}}, {"model": "contenttypes.contenttype", "pk": 43, "fields": {"app_label": "marketing", "model": "deals"}}, {"model": "sessions.session", "pk": "0vn8xhua5xtpkbsloafjtu1m9u2k7soo", "fields": {"session_data": ".eJxVjstqxDAMRf_F6xJs-d1l9_2GIMnyJNPiDHFSCqX_3oRmM9yd7tHh_ijGdRvnol5V7i7d85fve5-Wx95Ss9_qRY24b9O4d1n_MfN8I-QPaWdR7thuy8BL29aZhhMZrrYP70uRz7eLfRJM2Kfju5IR9LGg1TbpECGFVA1EYTYRxBmi7GwwoHPlkgkRS6rWR3AA1etDuq2Hf263a6fJVIkTS6VAnkU8J3IS2B0ODFEniQ4B6IzVnJGqDclll0HbqH7_APeKWeQ:1kGPPq:D8xlQWfj8dKuDYZDV3eFnB9bMegHkxcwa8pXmRzVQG8", "expire_date": "2020-09-24T16:27:18.360Z"}}, {"model": "sessions.session", "pk": "1dyjvhapblbf3jxadj3w9h6o68w5kevs", "fields": {"session_data": ".eJxVjbFuwzAMRP9Fc2FYFCVRHbvnGwxKIm0nhQ3Y8pAW_fe6TZasd-_efZvCWxvmat7N3eK13XQVovs4fR1zdsm8mbZxuc3L-IBqDeLVA_bWJ8GUyYFD8OISUUjoseZERVlDUQwo7MhzIUWyVDWewoGPNg3HLttDaV-zfN7J8v915WVcu7IubZtz94d0z3bvLmuVz48n-yKYeJ_OtWYr7GNl1zvqQwQKpBailGIjCNqcE7pgoU9aasrMXEmdj4AA6nvz8wuEmVlc:1kGSmP:6i2kdZJLXcD2hGsHlco_8B7dv9XTc60-uFeYr68ckwI", "expire_date": "2020-09-24T20:02:49.100Z"}}, {"model": "sessions.session", "pk": "2a2uyh9i3cd0y1rg3s3ft98d34p8yrti", "fields": {"session_data": ".eJwdzDkKgDAQAMC_bG2RvZKNn5FsDhHBQuzEvyvWA3PDdZa6b8e6bA1m4CQyongQcyotoCdSw249ca-K0XPQmhU95s6BGpsKfY5URvYBE9RyXn_G9rwlHBro:1kI6nP:Px_T2Vwoejehy1rAswOyGWxeCtXGPCtx4q6mxDlReKQ", "expire_date": "2020-09-29T08:58:39.631Z"}}, {"model": "sessions.session", "pk": "2g0iv6btiqfhlasbhaqagls7idyqf95h", "fields": {"session_data": "eyJjYXJ0X2lkIjoidzBwNnNsbGd1NHgxdmR1aWc2YTAifQ:1kHtLt:xLlBPnD7V_FSUrOutqxx8Yd3OpzShLRZeo_UfTyIDS8", "expire_date": "2020-09-28T18:37:21.874Z"}}, {"model": "sessions.session", "pk": "2gq8ylgs59pngcbofrws9c288j00d237", "fields": {"session_data": ".eJxVjctugzAURP_F6wphX5truuy-34Duy0CagmSIWjXKv5co2WQ7c-bM1QnVfZjVvbuf8zJupyjR_qqu-3di-HVvbq8kX_MyPiCAgsVnEBH1mtgScpcyeIiUFCNkVOOIZhqVSwrgkxhgi4S9cDmEA132abhsVh9K_5rxcWfLvdATLePayLrsdebmjjTPdms-V7Xzx5N9EUy0Tce6sDdKqAQt5LbDkLtcfEAT8RgseuY-QudD2xfRnolIc4GEIYZQUutu_5nQWo0:1kGSUD:rdW3YYsyAVuOKJpGjcREOekzp6aQqAbUILaI5PW-bRI", "expire_date": "2020-09-24T19:44:01.061Z"}}, {"model": "sessions.session", "pk": "2n8p146gb5dqx99h8qq7zo7gnk5zpl4t", "fields": {"session_data": "eyJjYXJ0X2lkIjoieGRsa3UzeTRnN3MxejVtYm9wd2IifQ:1kHtLu:xmkcGkXWmrejXB0Y-GX320JYTJUVobsHlIm6yNtFbx8", "expire_date": "2020-09-28T18:37:22.587Z"}}, {"model": "sessions.session", "pk": "2rn3qnfrrqjls84a86r6xlhe8tjqi0fd", "fields": {"session_data": "eyJ0cmFja2luZ19pZCI6ImE5MDBhMWY1MTFiMDQwOTNlOGZhMDlmNTdmNjZlMzFlOTY3YzVmYmUzMWQwNzY2ODNmMzRmZjIzZTY1MjUzMGQifQ:1kJ3lx:kCT3FCptny_PV4tCGQMNN80-KQ6gxqudpbqwV4pJts8", "expire_date": "2020-10-01T23:57:05.138Z"}}, {"model": "sessions.session", "pk": "35vht9av7vu8kayq56beiakh16gsr1ph", "fields": {"session_data": ".eJwdzMENgCAMBdBdevZQoBRwGVN-xRgTD8abcXcT3wDvofsyHPu5LbvTTB6jM2P1VCs7REVa9jYcLVtpGrumYmyqUBmjqnBWBkLoBSKBJoJd95_V9H5KbRtL:1kM7kJ:wZwv74s2Exehf0RWBKtC1Bt5pOkHaSQqjj8QWKNlu0o", "expire_date": "2020-10-10T10:48:03.394Z"}}, {"model": "sessions.session", "pk": "3dlu132s6b2qj3vity7gs2l4vht75n4e", "fields": {"session_data": ".eJwdzDEKgDAMBdC7ZHYIaVNTLyPtTytFcBA38e6K84N303UW7OPY1uG0kKFbS4hN1aV6RYOEXkKGehQk9o5QWp4ju1dWtSwsH4gF45poIpTz-rMcnxeNiBw4:1kNxk4:mCoMZvsFRUYr6GkiAwKnnyUE635fk_AcQ_uSPLZqYyU", "expire_date": "2020-10-15T12:31:24.658Z"}}, {"model": "sessions.session", "pk": "3ohcug6ob0kdi8d85giimwa8bqdptjm8", "fields": {"session_data": "eyJjYXJ0X2lkIjoiaHh0aG5weHJ5YTN6MjVhNzE2MnoifQ:1kHtYz:1hmnK0QWQPZzYeLPnG7iz4a4qTa6ZGGv-VbYKyTg7xw", "expire_date": "2020-09-28T18:50:53.596Z"}}, {"model": "sessions.session", "pk": "3pvcctzwyie5esu8paor8txsxibkrq7n", "fields": {"session_data": ".eJwlykEOAiEMAMC_9OwBSluKnzG0gBKNMevGNRr_vgfnPF_wuqyn2eAIz36z-PjQa6b5vmxGoRgcYF2qX-f9_E9FtAUaiY1ite7RMGAvyZhwaBsoVVPLGYNEYhXtTsLZgxTySgy_HTkEIfE:1kHthy:Co6LNJ_WhGql1J2TqGkM-EKwdSvwrm0ds0Y2tUGaIm0", "expire_date": "2020-09-28T19:00:10.098Z"}}, {"model": "sessions.session", "pk": "3thzptc7ctsh2gx2otm96138y0updo2r", "fields": {"session_data": "eyJjYXJ0X2lkIjoicXgyNTN6ajhvb3VmYjY4ajNzb3AifQ:1kHtUL:QYNxOeae5CnPJ1L42wpDcFhYAppfrpM-4yLV1srKFB4", "expire_date": "2020-09-28T18:46:05.706Z"}}, {"model": "sessions.session", "pk": "6jwe5cxyr66fy56oxyyvpvusqytj8lj4", "fields": {"session_data": "eyJjYXJ0X2lkIjoiODZxOGdyYnY1eTA3eTNreno3dHUifQ:1kHtLp:sn5r0ZneeM0o_a0_CQzGODt-TuKhOLSpWKFmzEBxjvk", "expire_date": "2020-09-28T18:37:17.386Z"}}, {"model": "sessions.session", "pk": "7e4ei0lv601lxcgeuplyd9vcd5ai2jtx", "fields": {"session_data": ".eJxVTjtuwzAMvYvmwJAoUqQ7ds8ZDIqiY7eFA9jOVPTutdsM7fbw_p9h0Mc-DY_N12Fu4SWkcPnLVbV3X06hvelyu3d2X_Z1rt1p6Z7q1l3vzT9en95_BZNu05Fmh9ETjVitCjJH5L41j0SjW2aBZAfWUhSlkqUMIhpFCKCRRjxKTdf952PpL2Ffj7F5uf2e1mgiBSRbD-aZG2ViN1OkysCGmse-OFnkc9yTYIoOJTJWBOfw9Q08lFFz:1kLN2b:ZG4rdsS1etwd2E8rPIMyLmzP8sXpX_XAI1Vjzy3d9ZM", "expire_date": "2020-10-08T08:55:49.848Z"}}, {"model": "sessions.session", "pk": "8h9913x68pb8wdyodj4crycbzyv9rxxv", "fields": {"session_data": "eyJjYXJ0X2lkIjoiZGhmd3o2dXBtbmx4MzB0cmhzaWcifQ:1kHtZ1:7ThFsG8e_CWXiSHwQqAojzbLxqJ9Hemi6e_xKAAXq9c", "expire_date": "2020-09-28T18:50:55.923Z"}}, {"model": "sessions.session", "pk": "970kfvayv6hc4apyha7husculbh7e1dw", "fields": {"session_data": "eyJjYXJ0X2lkIjoiOWZvbjJxd2ZlbXJ3ZDdpY2JwaWMifQ:1kHthz:YSk__K_FfRTmJ3RoANlOTr9FrLvVTO7EpAzoCuvekAk", "expire_date": "2020-09-28T19:00:11.832Z"}}, {"model": "sessions.session", "pk": "9e803wdii8nl4bfbl1ctm4qevlrx3z5f", "fields": {"session_data": ".eJwlyksKg0AMANC7ZO1ixjEx6WVKzEcGSz8i3Ujv3kK3j3eC6X5cu8MFbiTij5DXkzv6vL1XDhjg2NW2fl__KZlbZcagrC1lZJu9TKYlRK0lppeFUIQwLKXRMtYq8lPSzDIFfL4b-yKP:1kHts4:JGpOoJOMIqyyudwOnzKzy_WKqCs8MIjWQGtJMOZpL4s", "expire_date": "2020-09-28T19:10:36.820Z"}}, {"model": "sessions.session", "pk": "abyhzoclk96g5tb30yi5ppfupkocp5ua", "fields": {"session_data": "eyJjYXJ0X2lkIjoibWt2cG05YzZsOTRjYTc1aTQ0ZTEifQ:1kHtYz:mGviz3iDQWygtnapRdQp3qQlnxDDT8B01UU5jRQlU6E", "expire_date": "2020-09-28T18:50:53.438Z"}}, {"model": "sessions.session", "pk": "aixu9doyj7825oimwe0wkk67dcogdkbp", "fields": {"session_data": "eyJjYXJ0X2lkIjoidjE1bHAxdnh1NWh4amo3c2w0Z3oifQ:1kHtLu:9lyxt6IkgilnwE9TTgtIj2lwUsN9aS3SF2qeTIbPFPU", "expire_date": "2020-09-28T18:37:22.372Z"}}, {"model": "sessions.session", "pk": "b5zeoezgba97p40vo6u4dieelqfg3tq1", "fields": {"session_data": "eyJjYXJ0X2lkIjoiY240cnUzMGcyY3NvcGdjbGYzZmIifQ:1kHtUK:RhlymXoQWupB5n8iH2Q7o2xi3Q4q7DsiZVFgiRmRtcg", "expire_date": "2020-09-28T18:46:04.689Z"}}, {"model": "sessions.session", "pk": "bbot7jofiqn9zhrbzc13yqy5aaljsu9y", "fields": {"session_data": ".eJwdzMsJgDAMANBdcvZgYpumLiP5tFIED-JN3F3wDfAeuC_1Y5z7NgJWIIuCESkKeQrEom6InL3ORrNn09SamElLzH2RzpXICTUiFxeBCVyv-8_q8n5uwBww:1kNxh0:afF6Os11sXI25iK8q96KAsTrHkqTsjOFaKoacdLJhDI", "expire_date": "2020-10-15T12:28:14.145Z"}}, {"model": "sessions.session", "pk": "blo6mcsyqfm8tg5oys4dsk5w3cl39uhq", "fields": {"session_data": "eyJ0cmFja2luZ19pZCI6IjgyNzA2YWI3NTFiYWE3ZDkzODE5YmYxMTIwYTdlMWUxMzliN2FjYmYzMTcxNWY1MDk1ZGJhMzE1YTYwZjk4NDcifQ:1kJGLJ:JNcxntgHf_FmJYXq2CyR6vP4xKuJ5wHqTTDQtdXxsQQ", "expire_date": "2020-10-02T13:22:25.334Z"}}, {"model": "sessions.session", "pk": "db3ry3grva3v055yg33xr3xg61uaswri", "fields": {"session_data": "eyJjYXJ0X2lkIjoibGlnc3MxcnVudWR1azZob203a2sifQ:1kHu00:9Q8Z7Mbb7IluNLwnSxG-NOcCqeK6iKSwGmyznCc8RUk", "expire_date": "2020-09-28T19:18:48.270Z"}}, {"model": "sessions.session", "pk": "e9i5hhvpuq1192bbuvm37rflmtdwemvz", "fields": {"session_data": "eyJjYXJ0X2lkIjoidGM4Ymx3ZDczcHA2MzEzc3k2ZXMifQ:1kHtg9:PUdXZp4lVA1P7txbEBiLOluIu7j9VxAwvgyWUEdkm48", "expire_date": "2020-09-28T18:58:17.280Z"}}, {"model": "sessions.session", "pk": "f0ek1ejs9rryqg2yabrtxc7u29plmgob", "fields": {"session_data": ".eJxVjjEOwyAUQ-_CXCGgEH47du8Z0Ad-EpqESIRMVe9eImVoN8t-tvxmDvc6un2j4lJkdybZ5dfzGCbKRxBfmIeVhzXXkjw_EH6mG3-ukebHyf4NjLiNrW1J9SRNr33woK0V2t5iJGFMT-FqQcnQNHYdavAmyKsCQAFglIoGhW6jC5aJasqDowXT7LD127Fadvp8AcKlQig:1kNGzV:E43qU-YyazCQqoQkAQXEIXL7dvgnyL8Chi4kTgrfb7E", "expire_date": "2020-10-13T14:52:29.841Z"}}, {"model": "sessions.session", "pk": "fqzl264iejzva9pohvfv9dudk4rgoxn4", "fields": {"session_data": ".eJxVjrFuwzAMRP9Fc2FQEiWLHbvnGwyKFGO3hQ3YzlT036MgGdr17t3D_biJb-c83Y62T4u6dxfc29-ssny19VHoJ6_XbZBtPfelDg9keLXHcNm0fX-82H-CmY-5r9mIzCeLpOgx5paUIUjDUhA9kAYTiQTRCqlYbNAJABq9hlSpdOm5d_-yXp8_EwiYMY6kpZWciFADZISYFUyIorD4FgoCVDIuLVvFEYH7FQN0v3c9BE6x:1kJMl1:grb6yzjFLrs0uI00k1gSPoha0-cVLMzirbokgo_W_R8", "expire_date": "2020-10-02T20:13:23.971Z"}}, {"model": "sessions.session", "pk": "h7oprpo1u6ej3vwpqnka65kuaeu5cjd3", "fields": {"session_data": "e30:1kKBdp:Zv28WdOqfn5d5-QYcxNFiY_It26UBg2viEGkFTQZW8U", "expire_date": "2020-10-05T02:33:21.377Z"}}, {"model": "sessions.session", "pk": "hpfq681zqq0nj3hht1gx8lrnne8mtkxa", "fields": {"session_data": ".eJwlysEKgzAMANB_ydlDW9uY7GdGkzQigtgibDj27zvsnd8HtI7ruRk84F7Po_XX_R6d0IT2PhJMcI2q-3as_-TqIVLNXAidSkajuUg0ZDItkYNnDmKJuGJJFlqaM7VFTFzj0hi-P3llI0A:1kHthz:zoqJGdRXsVX6DYQ8FAY_Td37rO6hHTABATNKbgWKqxI", "expire_date": "2020-09-28T19:00:11.192Z"}}, {"model": "sessions.session", "pk": "i8to36ct39za4qm8z0r471x0uwi7necu", "fields": {"session_data": ".eJwVzEsOwjAMBcC7eM2i1CTEXKby5xlFpSyisELcHZgDzJvmUN_78771oBuxXjVYoIosrnmpvmRyLi3b2dcGFKuoYgnNNcU4xQMmVrjBnU506Ngx_yMO7Y9NI_Cr53jh8wXtDSUp:1kNHC5:mrxG_tH6PFmzIZI5trZJYISYcUCL4yFyJr_jnKYzcpE", "expire_date": "2020-10-13T15:05:29.762Z"}}, {"model": "sessions.session", "pk": "ipi64sddxwxuokuud0ji01jteiah47os", "fields": {"session_data": "eyJ0cmFja2luZ19pZCI6IjYxMjZiZmNkODJkYjk4YmU0MjEwMDA1NzFhMmVjMzA1NDZiNmM3YmE4MWY4MWZlZDU4MWEwNzQxYjk5Mzk3NjIifQ:1kNold:d8JOoz0rM44XhovfuBlZKqDKrTYp7HK3-FH6xDzoE4M", "expire_date": "2020-10-15T02:56:25.254Z"}}, {"model": "sessions.session", "pk": "jt6sn7y7zk7mawkxoixvesht2rdic6ls", "fields": {"session_data": ".eJxVT7tuwzAM_BfNgUFJ1MMdu-cbDEqkYjeJDcjyVPTfK7cZ2oUgeA_efapWKd-X9TYtrN6UZ51tHtNYbGFPovvUAb0nJqNzIAByEXOMnrRGAuGA6AxYIdCg1UU9qd6lnY7ypOUxEbN061YPuaiJjjZPxy71998p-HNLPYusJ8AftN62IW9rq0saTsrwQvfhurE83l_cfwYz7XNXBzFFtCuYcooYAmAYewxwrki2IfYqfadeC2NyWVsTI0GMzhh2BNhNM9X2k3E0X99EYVzh:1kPmIv:uXdr91ishPcqXA9mnHGV4qTrxS8k9ePJKy_T0oscofM", "expire_date": "2020-10-20T12:42:53.382Z"}}, {"model": "sessions.session", "pk": "k6sum6ey6ortjl45348vmbzt20rhop94", "fields": {"session_data": ".eJwlyksOgjAQANC7zNrF_GitlzFtp0MIoklDFDTcnYVv_X5Qc1_vk8ENaNkefdaF-_gte_Tt83rDBdae6zw9x39Klpqi1hA8GWMkQzMuehWnJugqbDigUXQUrZwHDblISZ4QqTkcJ3LzIw4:1kHtsP:JTzyKM-HLFq1kDEQLKthsobHanxBrVe9ILDHTY8f60M", "expire_date": "2020-09-28T19:10:57.153Z"}}, {"model": "sessions.session", "pk": "kc7gk3o3yh9pvvp2g3hwn8qg73inuqgs", "fields": {"session_data": "eyJ0cmFja2luZ19pZCI6ImI2ODVhMGY4ZTgzNTZjN2ZiM2RlY2FlNmI3Y2MyM2JmNjdjZDI5OWYxZDNjZTFkMmY0OGM5N2U1MzkwZGQ2YTMifQ:1kNQkT:AyeUNvTP-r6-bLrmfXYl6uXz5-ZoH4Z-OZ_RpN3sw9A", "expire_date": "2020-10-14T01:17:37.639Z"}}, {"model": "sessions.session", "pk": "kurjcvszdqdhhlijx5a1ucc28tohljp5", "fields": {"session_data": "eyJtYXJrZXRpbmdfZW1haWxfYWRkZWQiOnRydWV9:1kNHkP:TbIauYlb1okXgPzg7HX00XbN5eZ3Kz0bQ-VyM_12M4c", "expire_date": "2020-10-13T15:40:57.222Z"}}, {"model": "sessions.session", "pk": "mi5txf5x1rwydm3k4d50bqamheepwneg", "fields": {"session_data": "eyJjYXJ0X2lkIjoicHo1eHR1d3R1cXFzNmYzZTNlMTAifQ:1kHtLq:su04at1QA5F1sOVPl7fI7p0Ax2_mWdZ4OJEzmRR3QhA", "expire_date": "2020-09-28T18:37:18.362Z"}}, {"model": "sessions.session", "pk": "n3ak5otnd21rvkbv6wchi685rhbhxtio", "fields": {"session_data": ".eJwlyjEOwyAMAMC_eM5QMBjTz1TG4EBbZUCoUlTl7x16831BZa7HqHCHdeJorZ_zeL7Fu_7xfcAGa4q-xrH_Eyqa12JCZBw4uhA0sJrVVKkhU1J2UaJXUQqpOSo5Zymk-UYRE1w_f8sjMg:1kHtrh:VMgM91C5Vonle_-mbnTo-zc3RusvR-dc_wndFmC6HSc", "expire_date": "2020-09-28T19:10:13.566Z"}}, {"model": "sessions.session", "pk": "ngqpd27h2g7i9o0ezh2kothpv03lgirg", "fields": {"session_data": "eyJjYXJ0X2lkIjoiNmRteTNucDNveDIzYjI0bzB5cmsifQ:1kHtg9:-4YTjIHOLo4Jg69tZSwpHnXGCxMqmB3CebPOQ4GVoS4", "expire_date": "2020-09-28T18:58:17.439Z"}}, {"model": "sessions.session", "pk": "o1ynp7ii16auyvkknfrn2x1kzlwp8ouw", "fields": {"session_data": ".eJxVjj1uwzAMhe-iuTBImrKkjt17BoMUqdhtYQO2MxW5e5w2Szbi_Xx8v-HYpH7Py2WcLbwHUjLCQdBLBqtu7oYig5baGBIVThEhJbDSxxS11dwga2JXxFokvIVRrsc0Xnff_pH9q6bnO18ehn3Jclm7ui7HNmv3iHRPd-8-V_Ofj2f2BTDJPp1tRyEEMCSOQ4xqQ8tCPdbzdGJGVdGWjBQkR0jZEKKyNOYs0usJrbIdfxu53O6LtVM5:1kJ417:vK-kuvE6ig9DBtZoH5un7C72l2b4ZjcQ7-mTEv7P3NY", "expire_date": "2020-10-02T00:12:45.557Z"}}, {"model": "sessions.session", "pk": "p41jfxrvi2fm61yk36wf48yl8dhguo4c", "fields": {"session_data": "eyJjYXJ0X2lkIjoibmRrdTl6cDY2ZjFqamwxM2l0eG8ifQ:1kHtLt:6qmNKvB6PVYTbjajFSVwWMHlAW4GDEVf24tNxVrWW-4", "expire_date": "2020-09-28T18:37:21.878Z"}}, {"model": "sessions.session", "pk": "pelv0q8r45eaosywhgcznrdzs36qxa6t", "fields": {"session_data": ".eJxVjr1uwzAMhN9Fc2GIIikpHbv3GQxSlGK3hQ3YzlTk3aP8LFkIgnf3Hf_dsUn5nZfzOJv7dD4xUE5BivRZQSNKMq-YgZGTSjyRNw_UDFttJVMMoUhhJIgYzX24US7HNF72uj2R-H7TXleXu2A_spzXoazLsc063C3DS92H79Xq39fL-waYZJ96uoIE8N4gEEdmtdiyBITS1xqIQFW0JQvqJbNP2cCzkjSiLILaoUW24_Ejna43pqVSPQ:1kIf2h:dc-qO6MEmZbfnGUrCMxfmpJKwVUkmJV30io5D-RGGco", "expire_date": "2020-09-30T21:32:43.910Z"}}, {"model": "sessions.session", "pk": "rehkf2qwtgpaph8iv7nb59qpev4fw6ez", "fields": {"session_data": "eyJjYXJ0X2lkIjoibTYydDAxZ3IxNjFnOHJ2ZGRnZHEifQ:1kHtZ2:EXQ3vErgnk-uaQfLbc3Mgd88HTlVFZZMBEC4PSuVTEY", "expire_date": "2020-09-28T18:50:56.086Z"}}, {"model": "sessions.session", "pk": "sbyyhmnebc8v3t9xwo30d4ylw315btbp", "fields": {"session_data": "eyJ0cmFja2luZ19pZCI6IjA2OTRhNjUzM2UxZjgzZTAyN2U2ZmNjMzI3NTY0MDM3YzQ4ODFkY2YzZjYzODE3NTczNzIwMTUzMjJiNDE0NjYifQ:1kI1si:3NkOhSZUKLvO9ovWGhjMKgGB8nOzR3WLMjIecNzEiDM", "expire_date": "2020-09-29T03:43:48.500Z"}}, {"model": "sessions.session", "pk": "tqnhrmp7mn436ygsqz8quosyq3gzm445", "fields": {"session_data": "eyJjYXJ0X2lkIjoiejFubzI4a2RxcjYzeTcxNzVpYTgifQ:1kHthz:6I077-Key9WWGyZy9wg8ZiKQdHtx5_JVMgx71QnDtZQ", "expire_date": "2020-09-28T19:00:11.835Z"}}, {"model": "sessions.session", "pk": "tx8c5vgdc6m70dmdj454ipio6gqkqmsj", "fields": {"session_data": ".eJxVjUtuwzAMRO-idWFQ1I_ssvucwZBIMXZb2IDtrIrePU6bTbYzb978uGOr8jUv13FW9-7UYtBWQjRCioyETSGnXoVNmmYt3dCLQaMOGarlCFiMfUlKnNi9ubHejmm87X37V-Jr1s67vvx9fdblug6yLsc2t-GBDM92Hy6r9u-PJ_simOo-netqzOaTBdboY8g9aQWUHoli9MCKJhIYghGrWOhwEgBcvGJqTO73DmmmTu8:1kJMl0:NZujtQ5JrxlcwCJON75wHukLQn6-hKdS6ddIQdS-vlk", "expire_date": "2020-10-02T20:13:22.107Z"}}, {"model": "sessions.session", "pk": "txq1u855s0x5jdnr7yjszhw0ogijvwsb", "fields": {"session_data": ".eJwlyjEKwzAMQNG7aM5QS3Yl9zJFsuzgBNISPBRK7x5D1__fF4qe49kdHhDK3rf46uv25o_GNiQfsMA4dY5j_SOhnJIYu7mYolOI0lSaiYd0a8hUs98rFlLCWUhLmLA6Gidiht8FScgizQ:1kHtsC:6TFEXMDdHXUi2moHytNxbrvOLC7MGyQipa554Ttx_Yw", "expire_date": "2020-09-28T19:10:44.691Z"}}, {"model": "sessions.session", "pk": "v0q57h1fn0xj5xz1v66m7oeheo675id8", "fields": {"session_data": "eyJjYXJ0X2lkIjoicmxtdGllaHhrbGVpYWw3ZjM5cGQifQ:1kHtUL:wubB9qg7Y5o5IyuEcsSsw8yKrqDiRVYguEFIo4WQ4OY", "expire_date": "2020-09-28T18:46:05.579Z"}}, {"model": "sessions.session", "pk": "vy1aej2isojh8bashxokl9tqslitx0ds", "fields": {"session_data": "eyJjYXJ0X2lkIjoiZ3gwa2c2d3lpNXp1c3Nta2YzamIifQ:1kHtg8:9tAYui-VqhCWG0cmfm3coemsF06B2PrzIa0-D29Yzg8", "expire_date": "2020-09-28T18:58:16.247Z"}}, {"model": "sessions.session", "pk": "youw5loxoz3n82cryzw7hm16v02t6d24", "fields": {"session_data": "eyJ0cmFja2luZ19pZCI6IjA4NTdlN2E3NTQxNmZmMzEyYmY2ZDFjNGM0ZWViMDVkMzE0ODg3ZDE0ZWJmMzUzZThlODY5MjdhNjMyZjEwMzgifQ:1kMuPy:zQb7EiXJIjDblzfQ9IJ338NNo0ytehG3BRRsrrVxfkM", "expire_date": "2020-10-12T14:46:18.856Z"}}, {"model": "sessions.session", "pk": "yp7priilbs6uvgrsxi09qf1we4r2waa9", "fields": {"session_data": "e30:1kKBYH:tvBfYbAurCwZm-kvTZ1tD_G2E2cuZQJN4JJc5K7aTpA", "expire_date": "2020-10-05T02:27:37.405Z"}}, {"model": "sessions.session", "pk": "zueertgpqhsarzpcjn8dopcj846hobr3", "fields": {"session_data": "eyJjYXJ0X2lkIjoiNWl4M3JhbGdxNXVtdjF1MnJ0eXkifQ:1kHtLt:EOfatD207idyYzIrg9zSeOJbaoc3m9r9KXH598fvKuk", "expire_date": "2020-09-28T18:37:21.625Z"}}, {"model": "sessions.session", "pk": "zwe7g4aw9eomdqjq9od45f30kl68rg18", "fields": {"session_data": "eyJjYXJ0X2lkIjoiY3hxa3FobXNxczJqc2p2Nng4NWIifQ:1kHttX:zYi0sslalGuAmrZWeXbmFdxUmbmh2RY8aJWRuFeOnuw", "expire_date": "2020-09-28T19:12:07.354Z"}}, {"model": "sites.site", "pk": 1, "fields": {"domain": "www.me2uafrika.com", "name": "Me2U|Africa"}}, {"model": "users.user", "pk": 1, "fields": {"password": "pbkdf2_sha256$216000$fbqobtAPepXW$XnYUbOF/iadUfLA4JfzAy/367e3jz9kfDyGusCZfuI8=", "last_login": "2020-10-06T12:42:53.102Z", "is_superuser": true, "first_name": "", "last_name": "", "is_staff": true, "is_active": true, "date_joined": "2020-08-01T04:56:02.773Z", "username": "Danny Max", "email": "danielmakori0@gmail.com", "groups": [], "user_permissions": []}}, {"model": "users.user", "pk": 3, "fields": {"password": "pbkdf2_sha256$216000$UQKCYR2eithO$lWSGb9Cbcv/I8CW98Z2Ld2vwUl/PHV7TAQJ7NYoH9Pg=", "last_login": "2020-09-23T22:06:31.385Z", "is_superuser": false, "first_name": "", "last_name": "", "is_staff": false, "is_active": true, "date_joined": "2020-08-01T12:27:55Z", "username": "jacy", "email": "jacyboss@gmail.com", "groups": [3], "user_permissions": []}}, {"model": "users.user", "pk": 4, "fields": {"password": "pbkdf2_sha256$216000$JStOsLej87r2$PULCE918LrPExzB3TpyVhBw+lbY0LhkgZznxwONfU44=", "last_login": "2020-09-15T17:29:42.613Z", "is_superuser": false, "first_name": "", "last_name": "", "is_staff": false, "is_active": true, "date_joined": "2020-08-01T12:27:55Z", "username": "danny", "email": "dd@gmail.com", "groups": [2], "user_permissions": []}}, {"model": "users.user", "pk": 5, "fields": {"password": "pbkdf2_sha256$216000$QQAbWc0Nc4KP$roNElF/XhptnnkkZ0METkYybjmdNHeLyPU7PWaIQgiA=", "last_login": "2020-09-10T14:53:12.592Z", "is_superuser": false, "first_name": "Daniel", "last_name": "Ogechi", "is_staff": false, "is_active": true, "date_joined": "2020-09-10T14:53:04.569Z", "username": "mwiti", "email": "ddmakori28@gmail.com", "groups": [], "user_permissions": []}}, {"model": "users.user", "pk": 6, "fields": {"password": "pbkdf2_sha256$216000$sjoz7I4t2oHy$AxgC//rxt6ZDe/V9g4bK13LV0ViZP+VA3x18Q/nSS+w=", "last_login": "2020-09-14T23:12:25.449Z", "is_superuser": false, "first_name": "", "last_name": "", "is_staff": false, "is_active": true, "date_joined": "2020-09-14T23:12:24.728Z", "username": "Daniel", "email": "daddy@gmail.com", "groups": [], "user_permissions": []}}, {"model": "users.user", "pk": 7, "fields": {"password": "pbkdf2_sha256$216000$0lylISsoWgrc$AQcAL2CERE1CfTQLZs0rrkfSLnSTMTH8PEU+1sYCl64=", "last_login": "2020-09-14T23:37:16.931Z", "is_superuser": false, "first_name": "", "last_name": "", "is_staff": false, "is_active": true, "date_joined": "2020-09-14T23:37:16.261Z", "username": "Daniel2", "email": "ddddd@gmail.com", "groups": [], "user_permissions": []}}, {"model": "users.user", "pk": 8, "fields": {"password": "pbkdf2_sha256$216000$005kNLvONdkN$VJvXllZT5P0a3FVmuRi5bT/ocEwBUz0GRuM2wUi0rFo=", "last_login": "2020-09-15T18:02:28.232Z", "is_superuser": false, "first_name": "", "last_name": "", "is_staff": false, "is_active": true, "date_joined": "2020-09-15T18:01:20.192Z", "username": "Florence", "email": "florence@gmail.com", "groups": [], "user_permissions": []}}, {"model": "users.user", "pk": 20, "fields": {"password": "pbkdf2_sha256$216000$aJ5ySYgnDj3c$N9c0HffjGMWKaxTb6fnB3zx4XROeGjHBaran2/5y9DI=", "last_login": "2020-09-23T19:31:00.459Z", "is_superuser": false, "first_name": "", "last_name": "", "is_staff": false, "is_active": true, "date_joined": "2020-09-23T16:47:18.325Z", "username": "Nadia", "email": "munezero@gmail.com", "groups": [], "user_permissions": []}}, {"model": "users.user", "pk": 36, "fields": {"password": "pbkdf2_sha256$216000$Xatz3rB3C4ak$mWWYV0f1/BhIW0UU6FGNGuwfd9/A7NdX/eg64vvKL+k=", "last_login": null, "is_superuser": false, "first_name": "", "last_name": "", "is_staff": false, "is_active": true, "date_joined": "2020-09-25T01:45:23.366Z", "username": "me2u", "email": "me2uafrika@gmail.com", "groups": [], "user_permissions": []}}, {"model": "users.user", "pk": 45, "fields": {"password": "pbkdf2_sha256$216000$YWSiPnFKCRUl$z2H+MFNyUyYeSM/3+vfvTl+y4vOViVuzTOTcr2v1wWY=", "last_login": null, "is_superuser": false, "first_name": "", "last_name": "", "is_staff": false, "is_active": true, "date_joined": "2020-09-26T00:52:07.268Z", "username": "ogechi", "email": "dmakori28@gmail.com", "groups": [], "user_permissions": []}}, {"model": "users.emailconfirmed", "pk": 1, "fields": {"user": 1, "activationKey": "fhhgytfhhjhgyfj", "confirmed": false}}, {"model": "users.emailconfirmed", "pk": 10, "fields": {"user": 45, "activationKey": "a9663622c600c635f9e2b33bb01ed4fa5a977ae3", "confirmed": true}}, {"model": "users.profile", "pk": 1, "fields": {"user": 1, "image": "default.svg", "phone": null}}, {"model": "users.profile", "pk": 3, "fields": {"user": 3, "image": "default.svg", "phone": null}}, {"model": "users.profile", "pk": 4, "fields": {"user": 4, "image": "default.svg", "phone": null}}, {"model": "users.profile", "pk": 5, "fields": {"user": 5, "image": "default.svg", "phone": "0738109428"}}, {"model": "users.profile", "pk": 6, "fields": {"user": 6, "image": "default.svg", "phone": null}}, {"model": "users.profile", "pk": 7, "fields": {"user": 7, "image": "default.svg", "phone": null}}, {"model": "users.profile", "pk": 8, "fields": {"user": 8, "image": "default.svg", "phone": null}}, {"model": "users.profile", "pk": 20, "fields": {"user": 20, "image": "default.svg", "phone": null}}, {"model": "users.profile", "pk": 36, "fields": {"user": 36, "image": "default.svg", "phone": null}}, {"model": "users.profile", "pk": 45, "fields": {"user": 45, "image": "default.svg", "phone": null}}, {"model": "users.sellerprofile", "pk": 1, "fields": {"user": 3, "first_name": "Jacinter", "last_name": "Kwamboka", "business_type": "Sol", "business_title": "Mwamakori", "tax_country": "KE", "subscription_type": "Bs", "application_status": 10}}, {"model": "users.sellerprofile", "pk": 2, "fields": {"user": 3, "first_name": "Jacinter", "last_name": "Kwamboka", "business_type": "Sol", "business_title": "Mwamakori", "tax_country": "KE", "subscription_type": "Bs", "application_status": 10}}, {"model": "users.sellerprofile", "pk": 3, "fields": {"user": 3, "first_name": "Jacinter", "last_name": "Kwamboka", "business_type": "Sol", "business_title": "Mwamakori", "tax_country": "KE", "subscription_type": "Bs", "application_status": 10}}, {"model": "users.sellerprofile", "pk": 4, "fields": {"user": 3, "first_name": "Jacinter", "last_name": "Makori", "business_type": "Sol", "business_title": "Mwamakori", "tax_country": "KE", "subscription_type": "Bs", "application_status": 10}}, {"model": "categories.department", "pk": 1, "fields": {"created": "2020-10-02T13:46:21.002Z", "modified": "2020-10-06T18:56:17.398Z", "parent": null, "category_name": "Computers & Laptops", "slug": "Computer-laptops", "description": "awww", "is_active": true, "image": "", "meta_keywords": "awww", "meta_description": "awww", "lft": 1, "rght": 10, "tree_id": 1, "level": 0}}, {"model": "categories.department", "pk": 2, "fields": {"created": "2020-10-02T13:47:36.912Z", "modified": "2020-10-05T17:29:04.686Z", "parent": 1, "category_name": "Mobile Phones", "slug": "mobile-phone", "description": "awww", "is_active": true, "image": "", "meta_keywords": "awww", "meta_description": "awww", "lft": 2, "rght": 3, "tree_id": 1, "level": 1}}, {"model": "categories.department", "pk": 8, "fields": {"created": "2020-10-02T13:51:23.953Z", "modified": "2020-10-05T19:34:16.683Z", "parent": null, "category_name": "Books collection", "slug": "books", "description": "awww", "is_active": true, "image": "", "meta_keywords": "awww", "meta_description": "awww", "lft": 1, "rght": 6, "tree_id": 2, "level": 0}}, {"model": "categories.department", "pk": 9, "fields": {"created": "2020-10-02T13:51:35.187Z", "modified": "2020-10-05T19:34:30.932Z", "parent": 8, "category_name": "Novels", "slug": "novels", "description": "awww", "is_active": true, "image": "", "meta_keywords": "awww", "meta_description": "awww", "lft": 2, "rght": 3, "tree_id": 2, "level": 1}}, {"model": "categories.department", "pk": 10, "fields": {"created": "2020-10-02T18:16:11.518Z", "modified": "2020-10-05T19:34:42.691Z", "parent": 8, "category_name": "Romance love", "slug": "romance", "description": "awww", "is_active": true, "image": "", "meta_keywords": "awww", "meta_description": "awww", "lft": 4, "rght": 5, "tree_id": 2, "level": 1}}, {"model": "categories.department", "pk": 11, "fields": {"created": "2020-10-02T18:19:28.414Z", "modified": "2020-10-05T19:34:01.284Z", "parent": null, "category_name": "Art & Craft", "slug": "art-craft", "description": "awww", "is_active": true, "image": "", "meta_keywords": "awww", "meta_description": "awww", "lft": 1, "rght": 4, "tree_id": 3, "level": 0}}, {"model": "categories.department", "pk": 12, "fields": {"created": "2020-10-02T18:34:57.949Z", "modified": "2020-10-05T19:33:50.326Z", "parent": null, "category_name": "Furniture", "slug": "furniture", "description": "awww", "is_active": true, "image": "", "meta_keywords": "awww", "meta_description": "awww", "lft": 1, "rght": 4, "tree_id": 4, "level": 0}}, {"model": "categories.department", "pk": 13, "fields": {"created": "2020-10-02T18:35:25.248Z", "modified": "2020-10-05T19:35:20.649Z", "parent": 12, "category_name": "Beds", "slug": "beds", "description": "awww", "is_active": true, "image": "", "meta_keywords": "awww", "meta_description": "awww", "lft": 2, "rght": 3, "tree_id": 4, "level": 1}}, {"model": "categories.department", "pk": 16, "fields": {"created": "2020-10-03T12:46:57.146Z", "modified": null, "parent": 11, "category_name": "Art Photographs", "slug": "art-photographs", "description": "kjfkfjkdjfk", "is_active": true, "image": "images/category/Denim_jeans_VNvTxHF.jpg", "meta_keywords": "Electronics, cameras, phones", "meta_description": "Get cheap Electronics", "lft": 2, "rght": 3, "tree_id": 3, "level": 1}}, {"model": "categories.department", "pk": 17, "fields": {"created": "2020-10-05T17:25:23.960Z", "modified": null, "parent": 1, "category_name": "Laptops", "slug": "laptops", "description": "Get quality cheap laptops today", "is_active": true, "image": "images/category/15_PpmtM7q.jpg", "meta_keywords": "Electronics, cameras, phones", "meta_description": "Get cheap Electronics", "lft": 4, "rght": 7, "tree_id": 1, "level": 1}}, {"model": "categories.department", "pk": 19, "fields": {"created": "2020-10-05T19:57:56.795Z", "modified": null, "parent": 1, "category_name": "Electric Charges", "slug": "electric", "description": "Awww", "is_active": true, "image": "", "meta_keywords": "Electronics, cameras, phones", "meta_description": "Fresh from the Farm products", "lft": 8, "rght": 9, "tree_id": 1, "level": 1}}, {"model": "categories.department", "pk": 20, "fields": {"created": "2020-10-06T18:58:04.388Z", "modified": null, "parent": null, "category_name": "Cameras & Photos", "slug": "cameras-photos", "description": "Get quality camera with high resolution in our stores", "is_active": true, "image": "", "meta_keywords": "Electronics, cameras, photos", "meta_description": "Get cheap Electronics cameras and photos from different designers and artists", "lft": 1, "rght": 2, "tree_id": 5, "level": 0}}, {"model": "categories.department", "pk": 21, "fields": {"created": "2020-10-06T18:59:36.810Z", "modified": null, "parent": null, "category_name": "Hardware", "slug": "hardware", "description": "Get Hardware at your convenience", "is_active": true, "image": "", "meta_keywords": "Hardware, construction", "meta_description": "Hardware materials available", "lft": 1, "rght": 2, "tree_id": 6, "level": 0}}, {"model": "categories.department", "pk": 22, "fields": {"created": "2020-10-06T19:01:51.096Z", "modified": null, "parent": null, "category_name": "TV & Audio", "slug": "tv-audio", "description": "Get amazing screens and quality televisions and music from our stores.", "is_active": true, "image": "", "meta_keywords": "Tv, audio, buy tv", "meta_description": "Buy screens and audio music", "lft": 1, "rght": 2, "tree_id": 7, "level": 0}}, {"model": "categories.department", "pk": 23, "fields": {"created": "2020-10-06T19:03:31.955Z", "modified": null, "parent": null, "category_name": "Gadgets", "slug": "gadgets", "description": "Get cheap gadgets in our stores", "is_active": true, "image": "", "meta_keywords": "gadgets, accessories", "meta_description": "Get gadgets at cheap affordable prices.", "lft": 1, "rght": 2, "tree_id": 8, "level": 0}}, {"model": "categories.department", "pk": 24, "fields": {"created": "2020-10-06T19:05:11.677Z", "modified": null, "parent": null, "category_name": "Car Electronics", "slug": "car-electronics", "description": "Get cheap car elelctronics for your ride", "is_active": true, "image": "", "meta_keywords": "Car hardware, car electronics", "meta_description": "Get Car electronics at affordable prices.", "lft": 1, "rght": 2, "tree_id": 9, "level": 0}}, {"model": "categories.department", "pk": 25, "fields": {"created": "2020-10-06T19:07:37.368Z", "modified": null, "parent": null, "category_name": "Video Games  & Consoles", "slug": "video-games-consoles", "description": "Get latest games and consoles at affordable rates", "is_active": true, "image": "", "meta_keywords": "video, consoles, gadgets", "meta_description": "Get video consoles", "lft": 1, "rght": 2, "tree_id": 10, "level": 0}}, {"model": "categories.department", "pk": 27, "fields": {"created": "2020-10-06T23:15:55.472Z", "modified": null, "parent": 17, "category_name": "Dell", "slug": "dellll", "description": "Awwwesome", "is_active": true, "image": "", "meta_keywords": "Electronics, cameras, phones", "meta_description": "Fresh from the Farm products", "lft": 5, "rght": 6, "tree_id": 1, "level": 2}}, {"model": "categories.category", "pk": 1, "fields": {"category_name": "At", "slug": "art-craft", "description": "What would you love more? Get modern art from Africa and beyond. Sign up to sell your own", "is_active": true, "image": "images/category/c241cb3cb4a5d098c8464e32a5acef66.jpg", "meta_keywords": "Art,3D,Design", "meta_description": "African Art and Craft and Designers work.", "created_at": "2020-06-22T16:13:45.964Z", "updated_at": "2020-10-01T19:59:50.484Z"}}, {"model": "categories.category", "pk": 2, "fields": {"category_name": "Fashion", "slug": "fashion", "description": "Quality dresses at Affordable rates. All gender fashions well represented.", "is_active": true, "image": "images/category/beach-towel-in-wind.jpg", "meta_keywords": "Maasai, Shuka, kenyamaasai,kitenge,africankitenge", "meta_description": "African wear in kenya, Maasai community. Available for shipment at affordable prices", "created_at": "2020-06-22T16:44:23.817Z", "updated_at": "2020-09-14T22:33:50.292Z"}}, {"model": "categories.category", "pk": 3, "fields": {"category_name": "Electronics", "slug": "electronics", "description": "Electronics", "is_active": true, "image": "electronics3.jpg", "meta_keywords": "Electronics, cameras, phones", "meta_description": "Get cheap cameras today", "created_at": "2020-06-23T03:20:54.103Z", "updated_at": "2020-09-14T22:33:50.224Z"}}, {"model": "categories.category", "pk": 4, "fields": {"category_name": "Sokoni", "slug": "sokoni", "description": "Fresh from the Farm products", "is_active": true, "image": "images/category/LocalFarm.jpg", "meta_keywords": "Fresh,Farm products, Gloceries,", "meta_description": "Fresh from the Farm products", "created_at": "2020-06-23T14:38:54.074Z", "updated_at": "2020-09-14T22:33:49.709Z"}}, {"model": "categories.category", "pk": 5, "fields": {"category_name": "Camera & Photo", "slug": "camera-photo", "description": "Get quality cameras", "is_active": true, "image": "images/category/15.jpg", "meta_keywords": "Electronics, cameras, phones", "meta_description": "Get cheap Electronics", "created_at": "2020-06-23T20:03:48.402Z", "updated_at": "2020-07-21T17:24:31.315Z"}}, {"model": "categories.category", "pk": 12, "fields": {"category_name": "Gloceries", "slug": "gloceries", "description": "", "is_active": true, "image": "", "meta_keywords": "", "meta_description": "", "created_at": "2020-08-06T18:06:27.699Z", "updated_at": "2020-09-14T22:33:49.732Z"}}, {"model": "categories.category", "pk": 13, "fields": {"category_name": "Cellphones", "slug": "cellphones", "description": "", "is_active": true, "image": "", "meta_keywords": "", "meta_description": "", "created_at": "2020-08-06T18:06:27.813Z", "updated_at": "2020-09-14T22:33:50.228Z"}}, {"model": "categories.category", "pk": 14, "fields": {"category_name": "WomenFashion", "slug": "womenfashion", "description": "", "is_active": true, "image": "", "meta_keywords": "", "meta_description": "", "created_at": "2020-08-06T18:08:27.414Z", "updated_at": "2020-09-14T22:33:50.297Z"}}, {"model": "me2ushop.product", "pk": 1, "fields": {"title": "Vegetables", "seller": 1, "slug": "vegetables", "brand": "Gloceries & Vegetables", "stock": 5, "sku": "we433rew", "in_stock": true, "price": "200.00", "discount_price": "0.00", "made_in_africa": false, "is_active": true, "is_bestseller": true, "is_featured": false, "is_on_offer": false, "description": "get nice veges", "additional_information": "", "meta_keywords": "Fresh,Farm products, Gloceries,", "meta_description": "Fresh from the Farm products", "created_at": "2020-09-08T21:34:59.180Z", "updated_at": "2020-09-14T09:39:48.724Z", "category_choice": "Fa", "label": "P", "product_categories": []}}, {"model": "me2ushop.product", "pk": 2, "fields": {"title": "Huawei", "seller": 3, "slug": "huawei", "brand": "Camera", "stock": 7, "sku": "we433rew", "in_stock": true, "price": "200.00", "discount_price": "0.00", "made_in_africa": false, "is_active": false, "is_bestseller": true, "is_featured": true, "is_on_offer": false, "description": "hhhhhh", "additional_information": "hhhhhhhhhhhhhhhhhhhhhhhhhhhhhhhhhhhhhhhhhhhhhhhhhhhhhhhhhhhhhhhhhhhhhhhhhhhhhhhhhhhhhhhhhhhhhhhhhhhhhhhh", "meta_keywords": "Electronics, cameras, phones", "meta_description": "Get cheap Electronics", "created_at": "2020-09-10T17:02:06.599Z", "updated_at": "2020-10-05T19:45:43.981Z", "category_choice": "So", "label": "P", "product_categories": [1, 2]}}, {"model": "me2ushop.product", "pk": 3, "fields": {"title": "Denims", "seller": 1, "slug": "denim", "brand": "Makori Store", "stock": 4, "sku": "we433rew", "in_stock": true, "price": "400.00", "discount_price": "0.00", "made_in_africa": false, "is_active": true, "is_bestseller": false, "is_featured": false, "is_on_offer": false, "description": "Get some denim", "additional_information": "", "meta_keywords": "Denim, Men Wear", "meta_description": "Get Denims at affordable price", "created_at": "2020-09-11T05:03:44.721Z", "updated_at": "2020-09-11T06:13:12.884Z", "category_choice": "Fa", "label": null, "product_categories": []}}, {"model": "me2ushop.product", "pk": 4, "fields": {"title": "Mangoes", "seller": null, "slug": "mangoes", "brand": "", "stock": 0, "sku": "we433rew", "in_stock": true, "price": "20.00", "discount_price": "0.00", "made_in_africa": false, "is_active": true, "is_bestseller": false, "is_featured": false, "is_on_offer": false, "description": "from the north", "additional_information": null, "meta_keywords": "", "meta_description": "", "created_at": "2020-09-13T20:40:53.829Z", "updated_at": "2020-09-14T22:33:50.220Z", "category_choice": "", "label": null, "product_categories": []}}, {"model": "me2ushop.product", "pk": 5, "fields": {"title": "Samsung", "seller": 1, "slug": "samsung", "brand": "Makori Store", "stock": 1, "sku": "we433rew", "in_stock": true, "price": "6.00", "discount_price": "0.00", "made_in_africa": false, "is_active": true, "is_bestseller": false, "is_featured": false, "is_on_offer": false, "description": "Get huawei p30 at an affordable price", "additional_information": "", "meta_keywords": "Electronics, cameras, phones", "meta_description": "Get Denims at affordable price", "created_at": "2020-09-13T20:41:48.022Z", "updated_at": "2020-10-05T19:30:53.844Z", "category_choice": "Ca", "label": null, "product_categories": [1, 2]}}, {"model": "me2ushop.product", "pk": 6, "fields": {"title": "Tops", "seller": null, "slug": "tops", "brand": "", "stock": 0, "sku": "we433rew", "in_stock": true, "price": "13.00", "discount_price": "0.00", "made_in_africa": false, "is_active": true, "is_bestseller": false, "is_featured": false, "is_on_offer": false, "description": "Get amazing lady tops", "additional_information": null, "meta_keywords": "", "meta_description": "", "created_at": "2020-09-13T20:41:48.084Z", "updated_at": "2020-09-14T22:33:50.439Z", "category_choice": "", "label": null, "product_categories": []}}, {"model": "me2ushop.product", "pk": 7, "fields": {"title": "Beach Towel", "seller": null, "slug": "beach-towel", "brand": "Makori Store", "stock": 7, "sku": "we433rew", "in_stock": true, "price": "200.00", "discount_price": "0.00", "made_in_africa": false, "is_active": true, "is_bestseller": false, "is_featured": false, "is_on_offer": false, "description": "Get some towels", "additional_information": "", "meta_keywords": "African, Maasai, Shuka, kenyamaasai,kitenge,africankitenge", "meta_description": "African wear in kenya, Maasai community. Available for shipment at affordable prices", "created_at": "2020-09-15T01:23:15.944Z", "updated_at": "2020-09-15T01:23:15.944Z", "category_choice": "Fa", "label": "P", "product_categories": []}}, {"model": "me2ushop.product", "pk": 8, "fields": {"title": "Vegetables generic", "seller": 1, "slug": "veges", "brand": "Gloceries & Vegetables", "stock": 5, "sku": "we433rew", "in_stock": true, "price": "10.00", "discount_price": "0.00", "made_in_africa": false, "is_active": true, "is_bestseller": false, "is_featured": false, "is_on_offer": false, "description": "veges", "additional_information": "", "meta_keywords": "Fresh,Farm products, Gloceries,", "meta_description": "Fresh from the Farm products", "created_at": "2020-09-15T01:32:28.296Z", "updated_at": "2020-09-15T06:39:36.862Z", "category_choice": "So", "label": null, "product_categories": []}}, {"model": "me2ushop.product", "pk": 9, "fields": {"title": "Vegetables Fresh", "seller": 1, "slug": "veges2", "brand": "Gloceries & Vegetables", "stock": 2, "sku": "we433rew", "in_stock": true, "price": "20.00", "discount_price": "0.00", "made_in_africa": false, "is_active": true, "is_bestseller": true, "is_featured": true, "is_on_offer": false, "description": "Get some veges", "additional_information": "", "meta_keywords": "Fresh,Farm products, Gloceries,", "meta_description": "Fresh from the Farm products", "created_at": "2020-09-15T01:55:56.199Z", "updated_at": "2020-09-15T17:06:08.177Z", "category_choice": "So", "label": null, "product_categories": []}}, {"model": "me2ushop.product", "pk": 11, "fields": {"title": "Beach Towel", "seller": 1, "slug": "beach-towel2", "brand": "Makori Store", "stock": 5, "sku": "we433rew", "in_stock": true, "price": "400.00", "discount_price": "200.00", "made_in_africa": false, "is_active": true, "is_bestseller": true, "is_featured": true, "is_on_offer": false, "description": "Get some quality vitenges", "additional_information": "", "meta_keywords": "African, Maasai, Shuka, kenyamaasai,kitenge,africankitenge", "meta_description": "African wear in kenya, Maasai community. Available for shipment at affordable prices", "created_at": "2020-09-15T17:18:41.116Z", "updated_at": "2020-10-01T19:27:21.094Z", "category_choice": "Fa", "label": "P", "product_categories": []}}, {"model": "me2ushop.product", "pk": 12, "fields": {"title": "Dragon Touch 4K Action Camera", "seller": 3, "slug": "dragon-touch-4k-action-camera4", "brand": "Camera", "stock": 5, "sku": "we433rew", "in_stock": true, "price": "200.00", "discount_price": "150.00", "made_in_africa": false, "is_active": true, "is_bestseller": true, "is_featured": true, "is_on_offer": false, "description": "ghjhjk", "additional_information": "", "meta_keywords": "Electronics, cameras, phones", "meta_description": "Get cheap Electronics", "created_at": "2020-09-15T17:27:18.205Z", "updated_at": "2020-10-05T19:29:18.861Z", "category_choice": "Ca", "label": null, "product_categories": [1, 17]}}, {"model": "me2ushop.productimage", "pk": 1, "fields": {"item": 1, "image": "images/products/15.jpg", "in_display": true}}, {"model": "me2ushop.productimage", "pk": 2, "fields": {"item": 1, "image": "images/products/Local10_eXVEgt7.jpg", "in_display": false}}, {"model": "me2ushop.productimage", "pk": 3, "fields": {"item": 1, "image": "images/products/electronics3_M6ZilUB.jpg", "in_display": false}}, {"model": "me2ushop.productimage", "pk": 4, "fields": {"item": 2, "image": "images/products/15_trO5YQG.jpg", "in_display": true}}, {"model": "me2ushop.productimage", "pk": 5, "fields": {"item": 4, "image": "images/products/electronics3_3TdR8ZV.jpg", "in_display": true}}, {"model": "me2ushop.productimage", "pk": 6, "fields": {"item": 5, "image": "images/products/electronics1_F9CJ6Qs.jpg", "in_display": false}}, {"model": "me2ushop.productimage", "pk": 7, "fields": {"item": 6, "image": "images/products/electronics2_PwHAqci.png", "in_display": true}}, {"model": "me2ushop.productimage", "pk": 9, "fields": {"item": 5, "image": "images/products/electronics1_DBp4KSa.jpg", "in_display": true}}, {"model": "me2ushop.productimage", "pk": 11, "fields": {"item": 9, "image": "images/products/Local7.jpg", "in_display": true}}, {"model": "me2ushop.productimage", "pk": 12, "fields": {"item": 8, "image": "images/products/LocalFarm_xsVcP6b.jpg", "in_display": true}}, {"model": "me2ushop.productimage", "pk": 13, "fields": {"item": 12, "image": "images/products/electronics2_jUUfv0f.png", "in_display": true}}, {"model": "me2ushop.variation", "pk": 4, "fields": {"product": 6, "variation_name": "Size", "active": true}}, {"model": "me2ushop.variation_options", "pk": 1, "fields": {"variation": 4, "variation_choices": "Small"}}, {"model": "me2ushop.variation_options", "pk": 2, "fields": {"variation": 4, "variation_choices": "Medium"}}, {"model": "me2ushop.variation_options", "pk": 3, "fields": {"variation": 4, "variation_choices": "Large"}}, {"model": "me2ushop.variation_options", "pk": 4, "fields": {"variation": 4, "variation_choices": "Extra large"}}, {"model": "me2ushop.orderitem", "pk": 139, "fields": {"user": 1, "cart_id": null, "date_added": "2020-09-30T12:08:13.492Z", "date_ordered": "2020-09-30T23:56:10.640Z", "status": 10, "ordered": true, "item": 1, "quantity": 1, "delivered_by": null}}, {"model": "me2ushop.orderitem", "pk": 140, "fields": {"user": 1, "cart_id": null, "date_added": "2020-09-30T23:57:02.150Z", "date_ordered": "2020-09-30T23:59:27.461Z", "status": 10, "ordered": true, "item": 9, "quantity": 1, "delivered_by": null}}, {"model": "me2ushop.orderitem", "pk": 141, "fields": {"user": 1, "cart_id": null, "date_added": "2020-10-01T00:00:05.717Z", "date_ordered": "2020-10-01T00:00:43.853Z", "status": 10, "ordered": true, "item": 6, "quantity": 1, "delivered_by": null}}, {"model": "me2ushop.orderitem", "pk": 142, "fields": {"user": null, "cart_id": null, "date_added": "2020-10-01T00:02:15.406Z", "date_ordered": "2020-10-01T00:03:17.486Z", "status": 10, "ordered": true, "item": 1, "quantity": 1, "delivered_by": null}}, {"model": "me2ushop.orderitem", "pk": 144, "fields": {"user": 1, "cart_id": null, "date_added": "2020-10-01T12:27:35.222Z", "date_ordered": "2020-10-07T02:27:33.108Z", "status": 10, "ordered": false, "item": 9, "quantity": 10, "delivered_by": null}}, {"model": "me2ushop.orderitem", "pk": 149, "fields": {"user": 1, "cart_id": null, "date_added": "2020-10-01T12:39:48.499Z", "date_ordered": "2020-10-01T12:39:48.699Z", "status": 10, "ordered": false, "item": 1, "quantity": 1, "delivered_by": null}}, {"model": "me2ushop.orderitem", "pk": 150, "fields": {"user": 1, "cart_id": null, "date_added": "2020-10-01T12:42:17.279Z", "date_ordered": "2020-10-07T02:27:01.045Z", "status": 10, "ordered": false, "item": 12, "quantity": 1, "delivered_by": null}}, {"model": "me2ushop.orderitem", "pk": 151, "fields": {"user": 1, "cart_id": null, "date_added": "2020-10-01T13:03:43.723Z", "date_ordered": "2020-10-01T13:03:43.983Z", "status": 10, "ordered": false, "item": 6, "quantity": 1, "delivered_by": null}}, {"model": "me2ushop.order", "pk": 86, "fields": {"user": 1, "cart_id": null, "status": 20, "ref_code": "xr7tvdoymxw4j6da5uss", "start_date": "2020-09-30T12:08:13.369Z", "order_date": "2020-09-30T23:56:10.438Z", "ordered": true, "payment": 5, "coupon": null, "being_delivered": false, "received": false, "refund_requested": false, "refund_granted": false, "email": "danielmakori0@gmail.com", "phone": "0738109428", "name": "Daniel Ogechi", "billing_address1": "Kg 571", "billing_address2": "Hospital Road", "billing_zip_code": "0424", "billing_country": "KE", "billing_city": null, "shipping_address1": "UpperHill", "shipping_address2": "", "shipping_zip_code": "75104", "shipping_country": "KE", "shipping_city": null, "last_spoken_to": null, "items": [139]}}, {"model": "me2ushop.order", "pk": 88, "fields": {"user": 1, "cart_id": null, "status": 20, "ref_code": "sno8qecym6sjxkebgejt", "start_date": "2020-09-30T23:57:02.016Z", "order_date": "2020-09-30T23:59:27.384Z", "ordered": true, "payment": 6, "coupon": null, "being_delivered": false, "received": false, "refund_requested": false, "refund_granted": false, "email": "danielmakori0@gmail.com", "phone": "0738109428", "name": "Daniel Makori", "billing_address1": "UpperHill", "billing_address2": "", "billing_zip_code": "75104", "billing_country": "KE", "billing_city": null, "shipping_address1": "Kg 571", "shipping_address2": "Hospital Road", "shipping_zip_code": "0424", "shipping_country": "KE", "shipping_city": null, "last_spoken_to": null, "items": [140]}}, {"model": "me2ushop.order", "pk": 89, "fields": {"user": 1, "cart_id": null, "status": 20, "ref_code": "8dveb9elxk8fd9g17ka7", "start_date": "2020-10-01T00:00:05.620Z", "order_date": "2020-10-01T00:00:43.774Z", "ordered": true, "payment": 7, "coupon": null, "being_delivered": false, "received": false, "refund_requested": false, "refund_granted": false, "email": "danielmakori0@gmail.com", "phone": "0738109428", "name": "Daniel Makori", "billing_address1": "Kg 571", "billing_address2": "Hospital Road", "billing_zip_code": "0424", "billing_country": "KE", "billing_city": null, "shipping_address1": "Kg 571", "shipping_address2": "Hospital Road", "shipping_zip_code": "0424", "shipping_country": "KE", "shipping_city": null, "last_spoken_to": null, "items": [141]}}, {"model": "me2ushop.order", "pk": 90, "fields": {"user": null, "cart_id": null, "status": 20, "ref_code": "xdicy9q5iamjfyxlzcki", "start_date": "2020-10-01T00:02:15.318Z", "order_date": "2020-10-01T00:03:17.410Z", "ordered": true, "payment": 8, "coupon": null, "being_delivered": false, "received": false, "refund_requested": false, "refund_granted": false, "email": "danielmakori0@gmail.com", "phone": "0738109428", "name": "Daniel Makori", "billing_address1": "UpperHill", "billing_address2": "", "billing_zip_code": "75104", "billing_country": "RW", "billing_city": null, "shipping_address1": "UpperHill", "shipping_address2": "", "shipping_zip_code": "75104", "shipping_country": "RW", "shipping_city": null, "last_spoken_to": null, "items": [142]}}, {"model": "me2ushop.order", "pk": 92, "fields": {"user": 1, "cart_id": null, "status": 10, "ref_code": "", "start_date": "2020-10-01T12:27:35.114Z", "order_date": "2020-10-06T03:09:33.970Z", "ordered": false, "payment": null, "coupon": null, "being_delivered": false, "received": false, "refund_requested": false, "refund_granted": false, "email": "danielmakori0@gmail.com", "phone": "0738109428", "name": "Daniel Makori", "billing_address1": "UpperHill", "billing_address2": "", "billing_zip_code": "75104", "billing_country": "KE", "billing_city": null, "shipping_address1": "Kg 571", "shipping_address2": "Hospital Road", "shipping_zip_code": "0424", "shipping_country": "KE", "shipping_city": null, "last_spoken_to": null, "items": [151, 150, 149, 144]}}, {"model": "me2ushop.address", "pk": 1, "fields": {"user": 3, "cart_id": null, "street_address": "UpperHill", "apartment_address": "", "country": "KE", "city": "", "zip": "75104", "address_type": "S", "payment_option": "", "default": true, "name": "Daniel Ogechi", "email": "danielmakori0@gmail.com", "phone": "0738109428", "date_updated": "2020-09-11T00:41:07.527Z"}}, {"model": "me2ushop.address", "pk": 2, "fields": {"user": 3, "cart_id": null, "street_address": "UpperHill", "apartment_address": "", "country": "KE", "city": "", "zip": "75104", "address_type": "B", "payment_option": "", "default": false, "name": "Daniel Ogechi", "email": "danielmakori0@gmail.com", "phone": "0738109428", "date_updated": "2020-09-11T00:41:07.832Z"}}, {"model": "me2ushop.address", "pk": 3, "fields": {"user": 1, "cart_id": null, "street_address": "UpperHill", "apartment_address": "", "country": "KE", "city": "", "zip": "75104", "address_type": "S", "payment_option": "", "default": false, "name": "Daniel Ogechi", "email": "danielmakori0@gmail.com", "phone": "0738109428", "date_updated": "2020-09-15T07:21:27.260Z"}}, {"model": "me2ushop.address", "pk": 5, "fields": {"user": null, "cart_id": null, "street_address": "UpperHill", "apartment_address": "", "country": "KE", "city": "", "zip": "75104", "address_type": "S", "payment_option": "", "default": false, "name": "Daniel Ogechi", "email": "danielmakori0@gmail.com", "phone": "0738109428", "date_updated": "2020-09-15T07:51:56.965Z"}}, {"model": "me2ushop.address", "pk": 6, "fields": {"user": null, "cart_id": null, "street_address": "UpperHill", "apartment_address": "", "country": "KE", "city": "", "zip": "75104", "address_type": "B", "payment_option": "", "default": false, "name": "Daniel Ogechi", "email": "danielmakori0@gmail.com", "phone": "0738109428", "date_updated": "2020-09-15T07:51:57.013Z"}}, {"model": "me2ushop.address", "pk": 7, "fields": {"user": null, "cart_id": null, "street_address": "UpperHill", "apartment_address": "", "country": "KE", "city": "", "zip": "75104", "address_type": "S", "payment_option": "", "default": false, "name": "Daniel Ogechi", "email": "danielmakori0@gmail.com", "phone": "0738109428", "date_updated": "2020-09-15T07:53:18.034Z"}}, {"model": "me2ushop.address", "pk": 8, "fields": {"user": null, "cart_id": null, "street_address": "UpperHill", "apartment_address": "", "country": "KE", "city": "", "zip": "75104", "address_type": "B", "payment_option": "", "default": false, "name": "Daniel Ogechi", "email": "danielmakori0@gmail.com", "phone": "0738109428", "date_updated": "2020-09-15T07:53:18.111Z"}}, {"model": "me2ushop.address", "pk": 10, "fields": {"user": null, "cart_id": null, "street_address": "UpperHill", "apartment_address": "", "country": "KE", "city": "", "zip": "75104", "address_type": "S", "payment_option": "", "default": false, "name": "Daniel Ogechi", "email": "danielmakori0@gmail.com", "phone": "0738109428", "date_updated": "2020-09-15T09:53:26.914Z"}}, {"model": "me2ushop.address", "pk": 11, "fields": {"user": null, "cart_id": null, "street_address": "UpperHill", "apartment_address": "", "country": "KE", "city": "", "zip": "75104", "address_type": "B", "payment_option": "", "default": false, "name": "Daniel Ogechi", "email": "danielmakori0@gmail.com", "phone": "0738109428", "date_updated": "2020-09-15T09:53:27.005Z"}}, {"model": "me2ushop.address", "pk": 12, "fields": {"user": 1, "cart_id": null, "street_address": "UpperHill", "apartment_address": "", "country": "KE", "city": "", "zip": "75104", "address_type": "B", "payment_option": "", "default": false, "name": "Daniel Ogechi", "email": "danielmakori0@gmail.com", "phone": "0738109428", "date_updated": "2020-09-15T19:03:38.565Z"}}, {"model": "me2ushop.address", "pk": 16, "fields": {"user": 1, "cart_id": null, "street_address": "Kg 571", "apartment_address": "Hospital Road", "country": "KE", "city": "Kigali", "zip": "0424", "address_type": "S", "payment_option": "", "default": true, "name": "Daniel Makori", "email": "danielmakori0@gmail.com", "phone": "0738109428", "date_updated": "2020-09-15T23:32:01.302Z"}}, {"model": "me2ushop.address", "pk": 17, "fields": {"user": null, "cart_id": null, "street_address": "UpperHill", "apartment_address": "", "country": "KE", "city": "", "zip": "75104", "address_type": "S", "payment_option": "", "default": false, "name": "Daniel Ogechi", "email": "danielmakori0@gmail.com", "phone": "0738109428", "date_updated": "2020-09-18T02:55:43.288Z"}}, {"model": "me2ushop.address", "pk": 18, "fields": {"user": null, "cart_id": null, "street_address": "UpperHill", "apartment_address": "", "country": "KE", "city": "", "zip": "75104", "address_type": "B", "payment_option": "", "default": false, "name": "Daniel Ogechi", "email": "danielmakori0@gmail.com", "phone": "0738109428", "date_updated": "2020-09-18T02:55:43.352Z"}}, {"model": "me2ushop.address", "pk": 19, "fields": {"user": 20, "cart_id": null, "street_address": "UpperHill", "apartment_address": "", "country": "KE", "city": "", "zip": "75104", "address_type": "S", "payment_option": "", "default": true, "name": "Daniel Ogechi", "email": "danielmakori0@gmail.com", "phone": "0738109428", "date_updated": "2020-09-23T16:48:22.805Z"}}, {"model": "me2ushop.address", "pk": 20, "fields": {"user": 20, "cart_id": null, "street_address": "UpperHill", "apartment_address": "", "country": "KE", "city": "", "zip": "75104", "address_type": "B", "payment_option": "", "default": false, "name": "Daniel Ogechi", "email": "danielmakori0@gmail.com", "phone": "0738109428", "date_updated": "2020-09-23T16:48:22.910Z"}}, {"model": "me2ushop.address", "pk": 29, "fields": {"user": 1, "cart_id": null, "street_address": "Kg 571", "apartment_address": "Hospital Road", "country": "KE", "city": "Kigali", "zip": "0424", "address_type": "B", "payment_option": "", "default": false, "name": "Daniel Makori", "email": "danielmakori0@gmail.com", "phone": "0738109428", "date_updated": "2020-10-01T00:00:18.040Z"}}, {"model": "me2ushop.address", "pk": 30, "fields": {"user": null, "cart_id": null, "street_address": "UpperHill", "apartment_address": "", "country": "RW", "city": "", "zip": "75104", "address_type": "S", "payment_option": "", "default": false, "name": "Daniel Makori", "email": "danielmakori0@gmail.com", "phone": "0738109428", "date_updated": "2020-10-01T00:03:00.294Z"}}, {"model": "me2ushop.address", "pk": 31, "fields": {"user": null, "cart_id": null, "street_address": "UpperHill", "apartment_address": "", "country": "RW", "city": "", "zip": "75104", "address_type": "B", "payment_option": "", "default": false, "name": "Daniel Makori", "email": "danielmakori0@gmail.com", "phone": "0738109428", "date_updated": "2020-10-01T00:03:00.387Z"}}, {"model": "me2ushop.address", "pk": 32, "fields": {"user": null, "cart_id": null, "street_address": "UpperHill", "apartment_address": "", "country": "RW", "city": "", "zip": "75104", "address_type": "S", "payment_option": "", "default": false, "name": "Daniel Makori", "email": "danielmakori0@gmail.com", "phone": "0738109428", "date_updated": "2020-10-01T12:39:40.904Z"}}, {"model": "me2ushop.address", "pk": 33, "fields": {"user": null, "cart_id": null, "street_address": "UpperHill", "apartment_address": "", "country": "RW", "city": "", "zip": "75104", "address_type": "B", "payment_option": "", "default": false, "name": "Daniel Makori", "email": "danielmakori0@gmail.com", "phone": "0738109428", "date_updated": "2020-10-01T12:39:40.988Z"}}, {"model": "me2ushop.stripepayment", "pk": 1, "fields": {"user": 3, "cart_id": null, "stripe_charge_id": "ch_1HQ0KWJ8hLznEzSP6lNzQ4ob", "amount": "20000.00", "timestamp": "2020-09-11T00:41:33.997Z"}}, {"model": "me2ushop.stripepayment", "pk": 2, "fields": {"user": 1, "cart_id": null, "stripe_charge_id": "ch_1HRnZRJ8hLznEzSPVmT5qVPx", "amount": "167300.00", "timestamp": "2020-09-15T23:28:22.594Z"}}, {"model": "me2ushop.stripepayment", "pk": 3, "fields": {"user": 1, "cart_id": null, "stripe_charge_id": "ch_1HRndFJ8hLznEzSPtLMI0iCG", "amount": "1000.00", "timestamp": "2020-09-15T23:32:19.281Z"}}, {"model": "me2ushop.stripepayment", "pk": 4, "fields": {"user": null, "cart_id": null, "stripe_charge_id": "ch_1HSZlTJ8hLznEzSPgFF1gU4y", "amount": "2000.00", "timestamp": "2020-09-18T02:56:00.802Z"}}, {"model": "me2ushop.stripepayment", "pk": 5, "fields": {"user": 1, "cart_id": null, "stripe_charge_id": "ch_1HXF9YJ8hLznEzSPfylgaIoQ", "amount": "20000.00", "timestamp": "2020-09-30T23:56:10.269Z"}}, {"model": "me2ushop.stripepayment", "pk": 6, "fields": {"user": 1, "cart_id": null, "stripe_charge_id": "ch_1HXFClJ8hLznEzSPLT1nG3p0", "amount": "2000.00", "timestamp": "2020-09-30T23:59:27.251Z"}}, {"model": "me2ushop.stripepayment", "pk": 7, "fields": {"user": 1, "cart_id": null, "stripe_charge_id": "ch_1HXFE0J8hLznEzSPi0102EiE", "amount": "1300.00", "timestamp": "2020-10-01T00:00:43.744Z"}}, {"model": "me2ushop.stripepayment", "pk": 8, "fields": {"user": null, "cart_id": null, "stripe_charge_id": "ch_1HXFGUJ8hLznEzSPG8qYsv4O", "amount": "20000.00", "timestamp": "2020-10-01T00:03:17.379Z"}}, {"model": "marketing.marketingmessage", "pk": 1, "fields": {"created": "2020-10-06T20:07:28.825Z", "modified": null, "message": "Welcome to Me2UAfrika. We currently doing deliveries across East Africa states only!", "active": false, "featured": true, "start_date": "2020-09-26T19:12:55Z", "end_date": "2020-09-27T20:05:08Z"}}, {"model": "marketing.marketingmessage", "pk": 2, "fields": {"created": "2020-10-06T20:07:28.825Z", "modified": null, "message": "Get upto 50% off in our today's deals", "active": true, "featured": true, "start_date": "2020-09-25T19:11:33Z", "end_date": "2020-09-28T20:10:27Z"}}, {"model": "marketing.slider", "pk": 2, "fields": {"created": "2020-10-06T20:07:28.840Z", "modified": null, "image": "images/marketing/ slider/electronics1_Zhc4sW9.jpg", "link_url": "/product/", "header_text": "Phones cover", "text": null, "active": true, "featured": true, "start_date": "2020-09-27T11:04:47Z", "end_date": "2020-10-27T11:05:03Z", "banner_image": false, "banner_background": false}}, {"model": "marketing.slider", "pk": 3, "fields": {"created": "2020-10-06T20:07:28.840Z", "modified": null, "image": "images/marketing/ slider/jumpstory.jpg", "link_url": null, "header_text": "<a href=\"\">Delivery</a>", "text": "Get on time deliveries to your doorstep", "active": true, "featured": true, "start_date": "2020-09-27T11:05:55Z", "end_date": "2021-12-31T14:00:06Z", "banner_image": false, "banner_background": false}}, {"model": "marketing.banner", "pk": 1, "fields": {"created": "2020-10-06T20:08:48.155Z", "modified": "2020-10-07T03:33:05.156Z", "image": "images/marketing/banner/15.jpg", "link_url": "images/banner_product.png", "banner_text": "Nature Awaits", "banner_product_name": 12, "active": true, "featured": true, "start_date": "2020-10-06T20:08:40Z", "end_date": null, "banner_image": true, "banner_background": false}}, {"model": "marketing.marketingemails", "pk": 1, "fields": {"created": "2020-10-06T20:07:28.825Z", "modified": null, "email": "dmakori28@gmail.com"}}, {"model": "marketing.marketingemails", "pk": 2, "fields": {"created": "2020-10-06T20:07:28.825Z", "modified": null, "email": "danielmakori0@gmail.com"}}, {"model": "marketing.marketingemails", "pk": 3, "fields": {"created": "2020-10-06T20:07:28.825Z", "modified": null, "email": "daddy@gmail.com"}}, {"model": "marketing.marketingemails", "pk": 4, "fields": {"created": "2020-10-06T20:07:28.825Z", "modified": null, "email": "jacyboss@gmail.com"}}, {"model": "marketing.marketingemails", "pk": 5, "fields": {"created": "2020-10-06T20:07:28.825Z", "modified": null, "email": "dm@gmail.com"}}, {"model": "search.searchterm", "pk": 1, "fields": {"q": "vegetables beach", "search_date": "2020-09-11T00:40:31.316Z", "ip_address": "127.0.0.1", "user": 3, "tracking_id": "39598295ac95ccbac01d1c167fa2a930b06335f902251f96f2a9155407b2ac68"}}, {"model": "search.searchterm", "pk": 2, "fields": {"q": "vegetables beach", "search_date": "2020-09-15T02:08:40.802Z", "ip_address": "127.0.0.1", "user": 1, "tracking_id": "1024bb2d714337b0ddf1e22813727e9da7afad15bd310e5eefe863751a28f33d"}}, {"model": "search.searchterm", "pk": 3, "fields": {"q": "vegetables beach", "search_date": "2020-09-15T06:40:09.736Z", "ip_address": "127.0.0.1", "user": 1, "tracking_id": "b6494177bd86130185f0634ebc9d58d02297aa7ef43cb21bd8f833750d696055"}}, {"model": "search.searchterm", "pk": 4, "fields": {"q": "vegetables beach", "search_date": "2020-09-15T06:55:09.932Z", "ip_address": "127.0.0.1", "user": 1, "tracking_id": "bd4ef6a628d339c444fcb94fa77a50ebedccb38532914e5870a668c1cd0108a0"}}, {"model": "search.searchterm", "pk": 5, "fields": {"q": "vegetables beach", "search_date": "2020-09-15T06:55:29.542Z", "ip_address": "127.0.0.1", "user": 1, "tracking_id": "bd4ef6a628d339c444fcb94fa77a50ebedccb38532914e5870a668c1cd0108a0"}}, {"model": "search.searchterm", "pk": 6, "fields": {"q": "Dragon matoke", "search_date": "2020-09-15T06:56:00.029Z", "ip_address": "127.0.0.1", "user": null, "tracking_id": "e4543b13203298a31bfb05c8c87fa9026354641b5229eb78e60a521d0fe440cd"}}, {"model": "search.searchterm", "pk": 7, "fields": {"q": "camera", "search_date": "2020-09-15T06:56:07.590Z", "ip_address": "127.0.0.1", "user": null, "tracking_id": "e4543b13203298a31bfb05c8c87fa9026354641b5229eb78e60a521d0fe440cd"}}, {"model": "search.searchterm", "pk": 8, "fields": {"q": "sam", "search_date": "2020-09-15T06:58:19.915Z", "ip_address": "127.0.0.1", "user": 1, "tracking_id": "e4543b13203298a31bfb05c8c87fa9026354641b5229eb78e60a521d0fe440cd"}}, {"model": "search.searchterm", "pk": 9, "fields": {"q": "sam", "search_date": "2020-09-15T06:58:47.167Z", "ip_address": "127.0.0.1", "user": null, "tracking_id": "d59e83632480deeb916961ac4cb401cbb4268f1d3bb98e192ea0d082e305e59c"}}, {"model": "search.searchterm", "pk": 10, "fields": {"q": "vegetables beach", "search_date": "2020-09-15T09:34:10.240Z", "ip_address": "127.0.0.1", "user": null, "tracking_id": "f187eef6b9f75513ce37eed852bc486881dbaa9f24ad18929ddfddfec608f6f8"}}, {"model": "search.searchterm", "pk": 11, "fields": {"q": "vegetables beach", "search_date": "2020-09-15T16:03:00.236Z", "ip_address": "127.0.0.1", "user": 1, "tracking_id": "81bd2b29e89e1010767de56c53b25cac86893c2329698647b8a1c1dce1a179ea"}}, {"model": "search.searchterm", "pk": 12, "fields": {"q": "vegetables beach", "search_date": "2020-09-15T16:04:52.226Z", "ip_address": "127.0.0.1", "user": 1, "tracking_id": "81bd2b29e89e1010767de56c53b25cac86893c2329698647b8a1c1dce1a179ea"}}, {"model": "search.searchterm", "pk": 13, "fields": {"q": "vegetables beach", "search_date": "2020-09-15T16:06:11.970Z", "ip_address": "127.0.0.1", "user": 1, "tracking_id": "81bd2b29e89e1010767de56c53b25cac86893c2329698647b8a1c1dce1a179ea"}}, {"model": "search.searchterm", "pk": 14, "fields": {"q": "vegetables beach is missing", "search_date": "2020-09-15T16:06:17.666Z", "ip_address": "127.0.0.1", "user": 1, "tracking_id": "81bd2b29e89e1010767de56c53b25cac86893c2329698647b8a1c1dce1a179ea"}}, {"model": "search.searchterm", "pk": 15, "fields": {"q": "vegetables beach is missing", "search_date": "2020-09-15T16:08:51.434Z", "ip_address": "127.0.0.1", "user": 1, "tracking_id": "81bd2b29e89e1010767de56c53b25cac86893c2329698647b8a1c1dce1a179ea"}}, {"model": "search.searchterm", "pk": 16, "fields": {"q": "vegetables beach", "search_date": "2020-09-15T16:22:47.416Z", "ip_address": "127.0.0.1", "user": 1, "tracking_id": "81bd2b29e89e1010767de56c53b25cac86893c2329698647b8a1c1dce1a179ea"}}, {"model": "search.searchterm", "pk": 17, "fields": {"q": "vegetables beach", "search_date": "2020-09-15T16:36:47.292Z", "ip_address": "127.0.0.1", "user": 1, "tracking_id": "81bd2b29e89e1010767de56c53b25cac86893c2329698647b8a1c1dce1a179ea"}}, {"model": "search.searchterm", "pk": 18, "fields": {"q": "huawei", "search_date": "2020-09-15T16:43:16.972Z", "ip_address": "127.0.0.1", "user": 1, "tracking_id": "81bd2b29e89e1010767de56c53b25cac86893c2329698647b8a1c1dce1a179ea"}}, {"model": "search.searchterm", "pk": 19, "fields": {"q": "vegetables beach", "search_date": "2020-09-15T16:43:59.364Z", "ip_address": "127.0.0.1", "user": 1, "tracking_id": "81bd2b29e89e1010767de56c53b25cac86893c2329698647b8a1c1dce1a179ea"}}, {"model": "search.searchterm", "pk": 20, "fields": {"q": "top", "search_date": "2020-09-15T16:45:49.170Z", "ip_address": "127.0.0.1", "user": 1, "tracking_id": "81bd2b29e89e1010767de56c53b25cac86893c2329698647b8a1c1dce1a179ea"}}, {"model": "search.searchterm", "pk": 21, "fields": {"q": "mangoes  vegetables beach", "search_date": "2020-09-15T16:52:59.833Z", "ip_address": "127.0.0.1", "user": 1, "tracking_id": "81bd2b29e89e1010767de56c53b25cac86893c2329698647b8a1c1dce1a179ea"}}, {"model": "search.searchterm", "pk": 22, "fields": {"q": "vegetables beach", "search_date": "2020-09-15T17:08:32.076Z", "ip_address": "127.0.0.1", "user": null, "tracking_id": "92f39dddd67b6d115260c5fcefb6b2dabaf7db9433ded5e87ed198567cb840b9"}}, {"model": "search.searchterm", "pk": 23, "fields": {"q": "mangoes  vegetables beach", "search_date": "2020-09-15T17:09:43.990Z", "ip_address": "127.0.0.1", "user": 3, "tracking_id": "92f39dddd67b6d115260c5fcefb6b2dabaf7db9433ded5e87ed198567cb840b9"}}, {"model": "search.searchterm", "pk": 24, "fields": {"q": "mangoes  vegetables beach", "search_date": "2020-09-15T17:10:08.389Z", "ip_address": "127.0.0.1", "user": 3, "tracking_id": "92f39dddd67b6d115260c5fcefb6b2dabaf7db9433ded5e87ed198567cb840b9"}}, {"model": "search.searchterm", "pk": 25, "fields": {"q": "tops", "search_date": "2020-09-15T17:10:20.982Z", "ip_address": "127.0.0.1", "user": 3, "tracking_id": "92f39dddd67b6d115260c5fcefb6b2dabaf7db9433ded5e87ed198567cb840b9"}}, {"model": "search.searchterm", "pk": 26, "fields": {"q": "top", "search_date": "2020-09-15T17:24:52.822Z", "ip_address": "127.0.0.1", "user": 1, "tracking_id": "8273949739c2fbd623c0a0fb147dfc8abf40f1cdc1233d7158b807d03a16abc1"}}, {"model": "search.searchterm", "pk": 27, "fields": {"q": "Dragon matoke", "search_date": "2020-09-15T17:35:25.699Z", "ip_address": "127.0.0.1", "user": 1, "tracking_id": "32027ae511a9d9bd5fdfd442d9fc5d090a2509027e08e54cf278c5323121e9ac"}}, {"model": "search.searchterm", "pk": 28, "fields": {"q": "hgh", "search_date": "2020-09-18T13:47:49.974Z", "ip_address": "127.0.0.1", "user": null, "tracking_id": "82706ab751baa7d93819bf1120a7e1e139b7acbf31715f5095dba315a60f9847"}}, {"model": "search.searchterm", "pk": 29, "fields": {"q": "chicken", "search_date": "2020-09-18T13:49:17.542Z", "ip_address": "127.0.0.1", "user": null, "tracking_id": "82706ab751baa7d93819bf1120a7e1e139b7acbf31715f5095dba315a60f9847"}}, {"model": "search.searchterm", "pk": 30, "fields": {"q": "vegetables beach", "search_date": "2020-09-23T16:51:26.791Z", "ip_address": "127.0.0.1", "user": 20, "tracking_id": "c10a68c050f254068c666db18dd1372d3e87b46bd76255e185bda4d921b53909"}}, {"model": "search.searchterm", "pk": 31, "fields": {"q": "huawei", "search_date": "2020-09-24T08:56:07.343Z", "ip_address": "127.0.0.1", "user": 1, "tracking_id": "a0c886283c92ce37d5357ecca45b727c4a3f96e5c078477e18410e26074b42e7"}}, {"model": "search.searchterm", "pk": 32, "fields": {"q": "huawei", "search_date": "2020-09-24T08:56:38.398Z", "ip_address": "127.0.0.1", "user": 1, "tracking_id": "a0c886283c92ce37d5357ecca45b727c4a3f96e5c078477e18410e26074b42e7"}}, {"model": "search.searchterm", "pk": 33, "fields": {"q": "vegetables beach", "search_date": "2020-10-06T19:10:11.891Z", "ip_address": "127.0.0.1", "user": 1, "tracking_id": "6d1c3c9b9f3fd6ae1fd617466ada21c7a00a584c886a114a0ed7445203ea0101"}}, {"model": "search.searchterm", "pk": 34, "fields": {"q": "Search", "search_date": "2020-10-07T02:15:39.555Z", "ip_address": "127.0.0.1", "user": 1, "tracking_id": "6d1c3c9b9f3fd6ae1fd617466ada21c7a00a584c886a114a0ed7445203ea0101"}}, {"model": "search.searchterm", "pk": 35, "fields": {"q": "chicken beach huawei is vegetables", "search_date": "2020-10-07T03:26:53.668Z", "ip_address": "127.0.0.1", "user": 1, "tracking_id": "6d1c3c9b9f3fd6ae1fd617466ada21c7a00a584c886a114a0ed7445203ea0101"}}, {"model": "stats.productview", "pk": 1, "fields": {"date": "2020-09-10T16:32:18.622Z", "ip_address": "127.0.0.1", "user": 1, "tracking_id": "119bfbc8cefb6b5cee5c8b4e6c4209a6708e74a22b2b2b30c9abf36849492037", "valid_tracker": true, "product": 1}}, {"model": "stats.productview", "pk": 2, "fields": {"date": "2020-09-10T19:43:48.745Z", "ip_address": "127.0.0.1", "user": null, "tracking_id": "33f7f183cccd1d5be57b6583134a5d74387deb47eed4dbf52315ce3707a79cbf", "valid_tracker": true, "product": 1}}, {"model": "stats.productview", "pk": 3, "fields": {"date": "2020-09-10T20:03:01.369Z", "ip_address": "127.0.0.1", "user": 1, "tracking_id": "dd6e5f5240159e49b8323425e398869454db98cfaf6cf464ea385ac8f4818df7", "valid_tracker": true, "product": 1}}, {"model": "stats.productview", "pk": 4, "fields": {"date": "2020-09-10T20:51:30.874Z", "ip_address": "127.0.0.1", "user": 1, "tracking_id": "fcf56df95b04245b6777e15fa4aee00c60b0843d03b3aae0b69c6bff1bf0e968", "valid_tracker": true, "product": 1}}, {"model": "stats.productview", "pk": 5, "fields": {"date": "2020-09-11T00:40:34.647Z", "ip_address": "127.0.0.1", "user": 3, "tracking_id": "39598295ac95ccbac01d1c167fa2a930b06335f902251f96f2a9155407b2ac68", "valid_tracker": true, "product": 1}}, {"model": "stats.productview", "pk": 6, "fields": {"date": "2020-09-11T03:28:06.275Z", "ip_address": "127.0.0.1", "user": 1, "tracking_id": "1cd1c4437558f751f2975b5f630a7034263aba7042fbe7f2c15f5fdc1f7b817e", "valid_tracker": true, "product": 1}}, {"model": "stats.productview", "pk": 7, "fields": {"date": "2020-09-11T04:26:41.886Z", "ip_address": "127.0.0.1", "user": 1, "tracking_id": "1cd1c4437558f751f2975b5f630a7034263aba7042fbe7f2c15f5fdc1f7b817e", "valid_tracker": true, "product": 2}}, {"model": "stats.productview", "pk": 8, "fields": {"date": "2020-09-13T22:58:35.984Z", "ip_address": "127.0.0.1", "user": null, "tracking_id": "71c7c55ba4ae18c7e4d6f762fdbca1e438818313404ea5901dfd2529e3d0e293", "valid_tracker": true, "product": 1}}, {"model": "stats.productview", "pk": 9, "fields": {"date": "2020-09-13T23:56:13.021Z", "ip_address": "127.0.0.1", "user": 1, "tracking_id": "18ee7ace2f9de33bddaa53f7bdaa609dbe75935fd37de87592413fb54ad69063", "valid_tracker": true, "product": 2}}, {"model": "stats.productview", "pk": 10, "fields": {"date": "2020-09-14T09:39:04.694Z", "ip_address": "127.0.0.1", "user": 1, "tracking_id": "18ee7ace2f9de33bddaa53f7bdaa609dbe75935fd37de87592413fb54ad69063", "valid_tracker": true, "product": 1}}, {"model": "stats.productview", "pk": 11, "fields": {"date": "2020-09-14T22:17:28.641Z", "ip_address": "127.0.0.1", "user": null, "tracking_id": "3ed36da36d58c3135b7f136af64270ed561b1a4117c646c4f6097b61d8432196", "valid_tracker": true, "product": 5}}, {"model": "stats.productview", "pk": 12, "fields": {"date": "2020-09-15T02:08:50.150Z", "ip_address": "127.0.0.1", "user": 1, "tracking_id": "1024bb2d714337b0ddf1e22813727e9da7afad15bd310e5eefe863751a28f33d", "valid_tracker": true, "product": 8}}, {"model": "stats.productview", "pk": 13, "fields": {"date": "2020-09-15T02:11:41.795Z", "ip_address": "127.0.0.1", "user": 1, "tracking_id": "1024bb2d714337b0ddf1e22813727e9da7afad15bd310e5eefe863751a28f33d", "valid_tracker": true, "product": 9}}, {"model": "stats.productview", "pk": 14, "fields": {"date": "2020-09-15T02:12:19.690Z", "ip_address": "127.0.0.1", "user": 1, "tracking_id": "1024bb2d714337b0ddf1e22813727e9da7afad15bd310e5eefe863751a28f33d", "valid_tracker": true, "product": 2}}, {"model": "stats.productview", "pk": 15, "fields": {"date": "2020-09-15T02:38:36.946Z", "ip_address": "127.0.0.1", "user": null, "tracking_id": "01e74a06b68daff3c38119f5875f7cf6cb22be1bf109d3a53b3f621143e12560", "valid_tracker": true, "product": 2}}, {"model": "stats.productview", "pk": 16, "fields": {"date": "2020-09-15T02:47:46.714Z", "ip_address": "127.0.0.1", "user": null, "tracking_id": "93cccff8c1c1996c92c4ab897a6d033ecef201360dbc5a7a44a0849d350f3783", "valid_tracker": true, "product": 2}}, {"model": "stats.productview", "pk": 17, "fields": {"date": "2020-09-15T03:13:19.830Z", "ip_address": "127.0.0.1", "user": null, "tracking_id": "159a6ffc5b9d3ec70884abd750b3375c7a1b8f0bbfee8a99301ae3fe713fe470", "valid_tracker": true, "product": 2}}, {"model": "stats.productview", "pk": 18, "fields": {"date": "2020-09-15T03:16:01.487Z", "ip_address": "127.0.0.1", "user": null, "tracking_id": "e1d5de944267a4915a9462b437be5012fedfd992557b0a046b48c94c67458bcb", "valid_tracker": true, "product": 2}}, {"model": "stats.productview", "pk": 19, "fields": {"date": "2020-09-15T03:18:26.266Z", "ip_address": "127.0.0.1", "user": null, "tracking_id": "3fc878b64ce3e907c7811837e09c34f714cf902f0fbedcfe5ec45c76084e9b36", "valid_tracker": true, "product": 2}}, {"model": "stats.productview", "pk": 20, "fields": {"date": "2020-09-15T03:23:57.000Z", "ip_address": "127.0.0.1", "user": null, "tracking_id": "09c7d554e05623b4ed2c2dd328424510b0709ad116d415fc418b577dc9ab5af5", "valid_tracker": true, "product": 2}}, {"model": "stats.productview", "pk": 21, "fields": {"date": "2020-09-15T03:27:11.009Z", "ip_address": "127.0.0.1", "user": null, "tracking_id": "e2b9fa606b19dcccbc7a8efd9d0a3b574bbc39222b4d2db3dc7b60cc55f3f0e1", "valid_tracker": true, "product": 2}}, {"model": "stats.productview", "pk": 22, "fields": {"date": "2020-09-15T03:41:41.505Z", "ip_address": "127.0.0.1", "user": null, "tracking_id": "481d88026b9e3dd8b7ad6a09e9cb108a37ec9e5d13fa889de11b1e4872106bb9", "valid_tracker": true, "product": 2}}, {"model": "stats.productview", "pk": 23, "fields": {"date": "2020-09-15T03:43:47.240Z", "ip_address": "127.0.0.1", "user": null, "tracking_id": "0694a6533e1f83e027e6fcc327564037c4881dcf3f6381757372015322b41466", "valid_tracker": true, "product": 2}}, {"model": "stats.productview", "pk": 24, "fields": {"date": "2020-09-15T03:43:47.678Z", "ip_address": "127.0.0.1", "user": null, "tracking_id": "3e6c72238b6c65b7d411a210b28aa712d68bd22c95d9a4fc4868958be81a9faf", "valid_tracker": true, "product": 2}}, {"model": "stats.productview", "pk": 25, "fields": {"date": "2020-09-15T03:45:35.508Z", "ip_address": "127.0.0.1", "user": null, "tracking_id": "5791947c0e9742d29e13cc4fbf72078910c147f31fce0f64f34182f0243a58a2", "valid_tracker": true, "product": 2}}, {"model": "stats.productview", "pk": 26, "fields": {"date": "2020-09-15T03:48:06.791Z", "ip_address": "127.0.0.1", "user": null, "tracking_id": "474496ec51330929bf808fb345ab983c7e7f891a9166172e46077463d53f7525", "valid_tracker": true, "product": 2}}, {"model": "stats.productview", "pk": 27, "fields": {"date": "2020-09-15T03:53:27.011Z", "ip_address": "127.0.0.1", "user": null, "tracking_id": "e5c5e92ca0acfaae36e8599e96eac9d7161fec259b821e9d4b683601d0691c80", "valid_tracker": true, "product": 2}}, {"model": "stats.productview", "pk": 28, "fields": {"date": "2020-09-15T04:32:03.123Z", "ip_address": "127.0.0.1", "user": null, "tracking_id": "f35fadd84416904c6674046f5e36aa555e2fb232bb445e0de371f6a55b1b0085", "valid_tracker": true, "product": 2}}, {"model": "stats.productview", "pk": 29, "fields": {"date": "2020-09-15T04:44:24.958Z", "ip_address": "127.0.0.1", "user": null, "tracking_id": "b356e29e89c61b77a6ec364fb359ea00c0de788dd3894a646f94ca3db8d28751", "valid_tracker": true, "product": 2}}, {"model": "stats.productview", "pk": 30, "fields": {"date": "2020-09-15T04:57:49.532Z", "ip_address": "127.0.0.1", "user": 1, "tracking_id": "b356e29e89c61b77a6ec364fb359ea00c0de788dd3894a646f94ca3db8d28751", "valid_tracker": true, "product": 8}}, {"model": "stats.productview", "pk": 31, "fields": {"date": "2020-09-15T05:11:12.605Z", "ip_address": "127.0.0.1", "user": null, "tracking_id": "52b4ed543a4765b48e9c8dadd2d8557db21421081c8f01eca9eadaac14ce4c7f", "valid_tracker": true, "product": 2}}, {"model": "stats.productview", "pk": 32, "fields": {"date": "2020-09-15T05:11:28.903Z", "ip_address": "127.0.0.1", "user": null, "tracking_id": "52b4ed543a4765b48e9c8dadd2d8557db21421081c8f01eca9eadaac14ce4c7f", "valid_tracker": true, "product": 8}}, {"model": "stats.productview", "pk": 33, "fields": {"date": "2020-09-15T05:14:34.839Z", "ip_address": "127.0.0.1", "user": null, "tracking_id": "6df529200ec3e08847df2d1dcd4be75833d75d5ff38fe0923d969c0ce0a7c958", "valid_tracker": true, "product": 2}}, {"model": "stats.productview", "pk": 34, "fields": {"date": "2020-09-15T05:27:45.319Z", "ip_address": "127.0.0.1", "user": 1, "tracking_id": "6df529200ec3e08847df2d1dcd4be75833d75d5ff38fe0923d969c0ce0a7c958", "valid_tracker": true, "product": 8}}, {"model": "stats.productview", "pk": 35, "fields": {"date": "2020-09-15T05:30:51.333Z", "ip_address": "127.0.0.1", "user": 1, "tracking_id": "afb3141bb5c1b5d2339222fd107e9e22c16a6017706c8e0d30beb85b898b2e68", "valid_tracker": true, "product": 8}}, {"model": "stats.productview", "pk": 36, "fields": {"date": "2020-09-15T05:49:31.684Z", "ip_address": "127.0.0.1", "user": 1, "tracking_id": "3457b36327e0afa270c12f12d8016d3a65581914bfa8fbab191ce3288091f46b", "valid_tracker": true, "product": 8}}, {"model": "stats.productview", "pk": 37, "fields": {"date": "2020-09-15T05:52:12.176Z", "ip_address": "127.0.0.1", "user": 1, "tracking_id": "b65c5fbbd40c92a7e4e71f6b1c1b06ed8e926a369f0695df79cdf29fb33bf455", "valid_tracker": true, "product": 8}}, {"model": "stats.productview", "pk": 38, "fields": {"date": "2020-09-15T05:53:43.178Z", "ip_address": "127.0.0.1", "user": 1, "tracking_id": "e1d36dbd9c052f25179d70356e8e8ee314943141aee150a82126d3c6a8d0e11b", "valid_tracker": true, "product": 8}}, {"model": "stats.productview", "pk": 39, "fields": {"date": "2020-09-15T06:07:33.467Z", "ip_address": "127.0.0.1", "user": null, "tracking_id": "b6494177bd86130185f0634ebc9d58d02297aa7ef43cb21bd8f833750d696055", "valid_tracker": true, "product": 2}}, {"model": "stats.productview", "pk": 40, "fields": {"date": "2020-09-15T06:07:39.879Z", "ip_address": "127.0.0.1", "user": null, "tracking_id": "b6494177bd86130185f0634ebc9d58d02297aa7ef43cb21bd8f833750d696055", "valid_tracker": true, "product": 8}}, {"model": "stats.productview", "pk": 41, "fields": {"date": "2020-09-15T06:49:02.721Z", "ip_address": "127.0.0.1", "user": 1, "tracking_id": "b6494177bd86130185f0634ebc9d58d02297aa7ef43cb21bd8f833750d696055", "valid_tracker": true, "product": 1}}, {"model": "stats.productview", "pk": 42, "fields": {"date": "2020-09-15T06:53:34.836Z", "ip_address": "127.0.0.1", "user": null, "tracking_id": "bd4ef6a628d339c444fcb94fa77a50ebedccb38532914e5870a668c1cd0108a0", "valid_tracker": true, "product": 1}}, {"model": "stats.productview", "pk": 43, "fields": {"date": "2020-09-15T06:58:51.825Z", "ip_address": "127.0.0.1", "user": null, "tracking_id": "d59e83632480deeb916961ac4cb401cbb4268f1d3bb98e192ea0d082e305e59c", "valid_tracker": true, "product": 5}}, {"model": "stats.productview", "pk": 44, "fields": {"date": "2020-09-15T07:00:10.326Z", "ip_address": "127.0.0.1", "user": 1, "tracking_id": "d59e83632480deeb916961ac4cb401cbb4268f1d3bb98e192ea0d082e305e59c", "valid_tracker": true, "product": 2}}, {"model": "stats.productview", "pk": 45, "fields": {"date": "2020-09-15T07:03:19.804Z", "ip_address": "127.0.0.1", "user": null, "tracking_id": "20f3e1fc3bc96dfff199f9f6c217533261410a182b935158e12fbe731cc5d06b", "valid_tracker": true, "product": 2}}, {"model": "stats.productview", "pk": 46, "fields": {"date": "2020-09-15T07:07:42.339Z", "ip_address": "127.0.0.1", "user": null, "tracking_id": "f4be16afa441d16abea9fcd381faec8d8c83fa531ca6c5cbbdc662fe24cad490", "valid_tracker": true, "product": 2}}, {"model": "stats.productview", "pk": 47, "fields": {"date": "2020-09-15T07:11:57.843Z", "ip_address": "127.0.0.1", "user": null, "tracking_id": "4d287499d93d34967be78b8aa81dade1475f9f337079d58f8d39968acbc385c0", "valid_tracker": true, "product": 2}}, {"model": "stats.productview", "pk": 48, "fields": {"date": "2020-09-15T07:22:34.377Z", "ip_address": "127.0.0.1", "user": null, "tracking_id": "80c9cef7a7f9bb4821cb217bd9db84159b787de42b22ad4d658fc696b2cd8a26", "valid_tracker": true, "product": 2}}, {"model": "stats.productview", "pk": 49, "fields": {"date": "2020-09-15T08:03:57.984Z", "ip_address": "127.0.0.1", "user": 1, "tracking_id": "80c9cef7a7f9bb4821cb217bd9db84159b787de42b22ad4d658fc696b2cd8a26", "valid_tracker": true, "product": 1}}, {"model": "stats.productview", "pk": 50, "fields": {"date": "2020-09-15T08:04:09.687Z", "ip_address": "127.0.0.1", "user": null, "tracking_id": "9413fe2546f48c16ba84e8acdc5610f49dc1752769f09f1ef1816131e6ccced9", "valid_tracker": true, "product": 2}}, {"model": "stats.productview", "pk": 51, "fields": {"date": "2020-09-15T08:31:05.782Z", "ip_address": "127.0.0.1", "user": null, "tracking_id": "e1d456c7ffaa5fef590f92d00c52a9dbe067c2c84422e7488e10c348077bd861", "valid_tracker": true, "product": 2}}, {"model": "stats.productview", "pk": 52, "fields": {"date": "2020-09-15T08:57:41.375Z", "ip_address": "127.0.0.1", "user": 1, "tracking_id": "e1d456c7ffaa5fef590f92d00c52a9dbe067c2c84422e7488e10c348077bd861", "valid_tracker": true, "product": 5}}, {"model": "stats.productview", "pk": 53, "fields": {"date": "2020-09-15T08:57:50.292Z", "ip_address": "127.0.0.1", "user": 1, "tracking_id": "e1d456c7ffaa5fef590f92d00c52a9dbe067c2c84422e7488e10c348077bd861", "valid_tracker": true, "product": 9}}, {"model": "stats.productview", "pk": 54, "fields": {"date": "2020-09-15T08:57:59.244Z", "ip_address": "127.0.0.1", "user": 1, "tracking_id": "e1d456c7ffaa5fef590f92d00c52a9dbe067c2c84422e7488e10c348077bd861", "valid_tracker": true, "product": 8}}, {"model": "stats.productview", "pk": 55, "fields": {"date": "2020-09-15T08:58:29.965Z", "ip_address": "127.0.0.1", "user": null, "tracking_id": "3744f64b048b2ad01b72581e8e73ec516b905c951b69e302d385421e812af9bf", "valid_tracker": true, "product": 2}}, {"model": "stats.productview", "pk": 56, "fields": {"date": "2020-09-15T09:10:52.775Z", "ip_address": "127.0.0.1", "user": null, "tracking_id": "228225c9e991382e0ab991adc5413cf1788b5764c8145b6a7584276821308db1", "valid_tracker": true, "product": 2}}, {"model": "stats.productview", "pk": 57, "fields": {"date": "2020-09-15T09:12:17.965Z", "ip_address": "127.0.0.1", "user": null, "tracking_id": "be22b0d4229c8fbb52b38ef78cf3ef285bc88c0ea0c102933ed9ebb0248b6b9c", "valid_tracker": true, "product": 1}}, {"model": "stats.productview", "pk": 58, "fields": {"date": "2020-09-15T09:31:30.529Z", "ip_address": "127.0.0.1", "user": null, "tracking_id": "7d3063ea9d062827c2978b380a8145e8cccb78fb6b71b7596e61a243ebc6da48", "valid_tracker": true, "product": 2}}, {"model": "stats.productview", "pk": 59, "fields": {"date": "2020-09-15T09:32:22.082Z", "ip_address": "127.0.0.1", "user": null, "tracking_id": "96958a9126b5c19b40528a74bba3790d023addf9a3c3c50457a8dbb919dea1da", "valid_tracker": true, "product": 1}}, {"model": "stats.productview", "pk": 60, "fields": {"date": "2020-09-15T09:52:56.465Z", "ip_address": "127.0.0.1", "user": null, "tracking_id": "81bd2b29e89e1010767de56c53b25cac86893c2329698647b8a1c1dce1a179ea", "valid_tracker": true, "product": 2}}, {"model": "stats.productview", "pk": 61, "fields": {"date": "2020-09-15T14:50:51.229Z", "ip_address": "127.0.0.1", "user": 1, "tracking_id": "81bd2b29e89e1010767de56c53b25cac86893c2329698647b8a1c1dce1a179ea", "valid_tracker": true, "product": 5}}, {"model": "stats.productview", "pk": 62, "fields": {"date": "2020-09-15T14:55:21.200Z", "ip_address": "127.0.0.1", "user": 1, "tracking_id": "81bd2b29e89e1010767de56c53b25cac86893c2329698647b8a1c1dce1a179ea", "valid_tracker": true, "product": 1}}, {"model": "stats.productview", "pk": 95, "fields": {"date": "2020-09-15T15:24:54.194Z", "ip_address": "127.0.0.1", "user": 1, "tracking_id": "81bd2b29e89e1010767de56c53b25cac86893c2329698647b8a1c1dce1a179ea", "valid_tracker": true, "product": 9}}, {"model": "stats.productview", "pk": 96, "fields": {"date": "2020-09-15T16:36:52.036Z", "ip_address": "127.0.0.1", "user": 1, "tracking_id": "81bd2b29e89e1010767de56c53b25cac86893c2329698647b8a1c1dce1a179ea", "valid_tracker": true, "product": 8}}, {"model": "stats.productview", "pk": 97, "fields": {"date": "2020-09-15T16:45:58.378Z", "ip_address": "127.0.0.1", "user": 1, "tracking_id": "81bd2b29e89e1010767de56c53b25cac86893c2329698647b8a1c1dce1a179ea", "valid_tracker": true, "product": 6}}, {"model": "stats.productview", "pk": 98, "fields": {"date": "2020-09-15T16:53:05.249Z", "ip_address": "127.0.0.1", "user": 1, "tracking_id": "81bd2b29e89e1010767de56c53b25cac86893c2329698647b8a1c1dce1a179ea", "valid_tracker": true, "product": 4}}, {"model": "stats.productview", "pk": 99, "fields": {"date": "2020-09-15T17:06:36.288Z", "ip_address": "127.0.0.1", "user": null, "tracking_id": "92f39dddd67b6d115260c5fcefb6b2dabaf7db9433ded5e87ed198567cb840b9", "valid_tracker": true, "product": 1}}, {"model": "stats.productview", "pk": 100, "fields": {"date": "2020-09-15T17:09:49.035Z", "ip_address": "127.0.0.1", "user": 3, "tracking_id": "92f39dddd67b6d115260c5fcefb6b2dabaf7db9433ded5e87ed198567cb840b9", "valid_tracker": true, "product": 4}}, {"model": "stats.productview", "pk": 101, "fields": {"date": "2020-09-15T17:10:23.747Z", "ip_address": "127.0.0.1", "user": 3, "tracking_id": "92f39dddd67b6d115260c5fcefb6b2dabaf7db9433ded5e87ed198567cb840b9", "valid_tracker": true, "product": 6}}, {"model": "stats.productview", "pk": 104, "fields": {"date": "2020-09-15T17:15:59.616Z", "ip_address": "127.0.0.1", "user": 3, "tracking_id": "a3f4bdc6408bbbeada420b1cd9ac225c454711265cd8e3aec1bee4134a53f6a5", "valid_tracker": true, "product": 4}}, {"model": "stats.productview", "pk": 105, "fields": {"date": "2020-09-15T17:17:10.110Z", "ip_address": "127.0.0.1", "user": 1, "tracking_id": "e8537dd97ab34d918470047498a68c543fd78e3183ced95b47e7688115acca7a", "valid_tracker": true, "product": 9}}, {"model": "stats.productview", "pk": 106, "fields": {"date": "2020-09-15T17:18:41.403Z", "ip_address": "127.0.0.1", "user": 1, "tracking_id": "e8537dd97ab34d918470047498a68c543fd78e3183ced95b47e7688115acca7a", "valid_tracker": true, "product": 11}}, {"model": "stats.productview", "pk": 107, "fields": {"date": "2020-09-15T17:24:40.977Z", "ip_address": "127.0.0.1", "user": 1, "tracking_id": "8273949739c2fbd623c0a0fb147dfc8abf40f1cdc1233d7158b807d03a16abc1", "valid_tracker": true, "product": 8}}, {"model": "stats.productview", "pk": 109, "fields": {"date": "2020-09-15T17:27:18.493Z", "ip_address": "127.0.0.1", "user": 3, "tracking_id": "77e0447eee147eb22102b2e59692492658bfb2aefd50c810c70c6aca67d1cee7", "valid_tracker": true, "product": 12}}, {"model": "stats.productview", "pk": 110, "fields": {"date": "2020-09-15T17:28:48.146Z", "ip_address": "127.0.0.1", "user": 3, "tracking_id": "77e0447eee147eb22102b2e59692492658bfb2aefd50c810c70c6aca67d1cee7", "valid_tracker": true, "product": 8}}, {"model": "stats.productview", "pk": 111, "fields": {"date": "2020-09-15T17:29:12.733Z", "ip_address": "127.0.0.1", "user": null, "tracking_id": "0c27d2713ea82ca96059563e802b85f68cdcc2d24d93e1d9668ed10b6ef1f174", "valid_tracker": true, "product": 9}}, {"model": "stats.productview", "pk": 112, "fields": {"date": "2020-09-15T17:35:05.417Z", "ip_address": "127.0.0.1", "user": 1, "tracking_id": "32027ae511a9d9bd5fdfd442d9fc5d090a2509027e08e54cf278c5323121e9ac", "valid_tracker": true, "product": 1}}, {"model": "stats.productview", "pk": 113, "fields": {"date": "2020-09-15T17:35:28.505Z", "ip_address": "127.0.0.1", "user": 1, "tracking_id": "32027ae511a9d9bd5fdfd442d9fc5d090a2509027e08e54cf278c5323121e9ac", "valid_tracker": true, "product": 12}}, {"model": "stats.productview", "pk": 114, "fields": {"date": "2020-09-15T17:49:20.549Z", "ip_address": "127.0.0.1", "user": 1, "tracking_id": "32027ae511a9d9bd5fdfd442d9fc5d090a2509027e08e54cf278c5323121e9ac", "valid_tracker": true, "product": 8}}, {"model": "stats.productview", "pk": 115, "fields": {"date": "2020-09-15T18:00:22.922Z", "ip_address": "127.0.0.1", "user": null, "tracking_id": "9dfcf57945e2e35a9858a7d96c72313930076f39b0406477dee2ee4411898627", "valid_tracker": true, "product": 9}}, {"model": "stats.productview", "pk": 116, "fields": {"date": "2020-09-15T18:02:04.756Z", "ip_address": "127.0.0.1", "user": null, "tracking_id": "fb287bd9197f2584ffd5a1b493b67909af194d37de803020e96a79811a49d0fd", "valid_tracker": true, "product": 9}}, {"model": "stats.productview", "pk": 117, "fields": {"date": "2020-09-15T23:30:37.618Z", "ip_address": "127.0.0.1", "user": 1, "tracking_id": "0d8338ba15aa9249c623b6cb9c53c4f7438abf8ef88ca826322aab8cc7a60b5f", "valid_tracker": true, "product": 8}}, {"model": "stats.productview", "pk": 118, "fields": {"date": "2020-09-16T00:10:44.305Z", "ip_address": "127.0.0.1", "user": null, "tracking_id": "41af9985c42bb53a44e4d906f7c52294b853abe68ebeb0823b8091e3cc57f6fe", "valid_tracker": true, "product": 9}}, {"model": "stats.productview", "pk": 119, "fields": {"date": "2020-09-16T00:22:55.392Z", "ip_address": "127.0.0.1", "user": null, "tracking_id": "576c6f35683f9817d6f8862496161cfb785a603113e4ad5b59f96106b1f8bd2e", "valid_tracker": true, "product": 9}}, {"model": "stats.productview", "pk": 120, "fields": {"date": "2020-09-16T00:25:05.611Z", "ip_address": "127.0.0.1", "user": null, "tracking_id": "4db24922deda759467dc7359513b763aea6f12088581979a80f8081b9a5daddf", "valid_tracker": true, "product": 9}}, {"model": "stats.productview", "pk": 121, "fields": {"date": "2020-09-16T00:33:32.329Z", "ip_address": "127.0.0.1", "user": null, "tracking_id": "0271409a9c30bb9db2823af8303b50a3a4000659f7ad60895e1c51091b45bcab", "valid_tracker": true, "product": 9}}, {"model": "stats.productview", "pk": 122, "fields": {"date": "2020-09-16T00:34:06.814Z", "ip_address": "127.0.0.1", "user": 1, "tracking_id": "0271409a9c30bb9db2823af8303b50a3a4000659f7ad60895e1c51091b45bcab", "valid_tracker": true, "product": 8}}, {"model": "stats.productview", "pk": 123, "fields": {"date": "2020-09-16T18:23:37.894Z", "ip_address": "127.0.0.1", "user": 1, "tracking_id": "0271409a9c30bb9db2823af8303b50a3a4000659f7ad60895e1c51091b45bcab", "valid_tracker": true, "product": 6}}, {"model": "stats.productview", "pk": 124, "fields": {"date": "2020-09-16T21:30:48.854Z", "ip_address": "127.0.0.1", "user": null, "tracking_id": "2cf6b02b1e80cfa4c43f6bdee952cb9f3c4e21d921a6f718d7acacf4fe47f954", "valid_tracker": true, "product": 9}}, {"model": "stats.productview", "pk": 125, "fields": {"date": "2020-09-16T21:32:30.545Z", "ip_address": "127.0.0.1", "user": null, "tracking_id": "07514872aca872e1b63a7d0b3815357ba6940d014fd3fefc84622cac5341636d", "valid_tracker": true, "product": 9}}, {"model": "stats.productview", "pk": 126, "fields": {"date": "2020-09-18T00:12:20.726Z", "ip_address": "127.0.0.1", "user": null, "tracking_id": "2b2d216a1e980dcedeed1aa6b9cf4072947510770d93575bfc8f08b74eb11c9a", "valid_tracker": true, "product": 1}}, {"model": "stats.productview", "pk": 127, "fields": {"date": "2020-09-18T00:16:00.002Z", "ip_address": "127.0.0.1", "user": null, "tracking_id": "6856ddb4a0d66e20c906916eceb9ac93279c107588477465310ada27fa0cfec6", "valid_tracker": true, "product": 12}}, {"model": "stats.productview", "pk": 128, "fields": {"date": "2020-09-18T00:17:20.176Z", "ip_address": "127.0.0.1", "user": null, "tracking_id": "6856ddb4a0d66e20c906916eceb9ac93279c107588477465310ada27fa0cfec6", "valid_tracker": true, "product": 9}}, {"model": "stats.productview", "pk": 129, "fields": {"date": "2020-09-18T00:38:54.238Z", "ip_address": "127.0.0.1", "user": 1, "tracking_id": "4f8f9dba8b7393658a1c07bd8dd6aae04532a059969e0a26706b14f518fd75a9", "valid_tracker": true, "product": 8}}, {"model": "stats.productview", "pk": 130, "fields": {"date": "2020-09-18T02:55:22.028Z", "ip_address": "127.0.0.1", "user": null, "tracking_id": "24a5d1f3b3c6d4418252fffd2ebb04c26dc21332623f45f2afbab48eb20ca3bb", "valid_tracker": true, "product": 9}}, {"model": "stats.productview", "pk": 131, "fields": {"date": "2020-09-18T12:03:44.949Z", "ip_address": "127.0.0.1", "user": null, "tracking_id": "e15059bcd2887f536e32cadc4d0551ae4bb474f1a686471c57b90cee9e6434c4", "valid_tracker": true, "product": 9}}, {"model": "stats.productview", "pk": 132, "fields": {"date": "2020-09-18T13:22:14.414Z", "ip_address": "127.0.0.1", "user": 1, "tracking_id": "cb9f24a88cf038948c06d3d89b5c3ea02e72c29d4238f785486fa3c590317a74", "valid_tracker": true, "product": 1}}, {"model": "stats.productview", "pk": 133, "fields": {"date": "2020-09-18T13:22:27.615Z", "ip_address": "127.0.0.1", "user": null, "tracking_id": "82706ab751baa7d93819bf1120a7e1e139b7acbf31715f5095dba315a60f9847", "valid_tracker": true, "product": 9}}, {"model": "stats.productview", "pk": 134, "fields": {"date": "2020-09-23T16:43:19.059Z", "ip_address": "127.0.0.1", "user": 1, "tracking_id": "001cb0ae4d64f8cf8344dc8a092efc522a108746ba35f1e24aa0dedb23b70e92", "valid_tracker": true, "product": 1}}, {"model": "stats.productview", "pk": 135, "fields": {"date": "2020-09-23T16:47:43.089Z", "ip_address": "127.0.0.1", "user": 20, "tracking_id": "c10a68c050f254068c666db18dd1372d3e87b46bd76255e185bda4d921b53909", "valid_tracker": true, "product": 1}}, {"model": "stats.productview", "pk": 136, "fields": {"date": "2020-09-23T19:10:27.370Z", "ip_address": "127.0.0.1", "user": 20, "tracking_id": "8fe797b59dc884dd833e86335443e206c984a2b941d54ea9c4785c9696f2f971", "valid_tracker": true, "product": 1}}, {"model": "stats.productview", "pk": 137, "fields": {"date": "2020-09-23T19:12:49.593Z", "ip_address": "127.0.0.1", "user": 1, "tracking_id": "65539d8f322ecceb44daf496208aabcd4ed499049eb3cfc5b3d9aeffb220fdbf", "valid_tracker": true, "product": 1}}, {"model": "stats.productview", "pk": 138, "fields": {"date": "2020-09-23T19:13:07.520Z", "ip_address": "127.0.0.1", "user": null, "tracking_id": "0c984ec3c2752002928cea52fac65ceb0d0f64c9e522df3998ea638e3dfa8705", "valid_tracker": true, "product": 9}}, {"model": "stats.productview", "pk": 139, "fields": {"date": "2020-09-23T19:18:12.538Z", "ip_address": "127.0.0.1", "user": 20, "tracking_id": "5485d3255c66fd0165ccd20701d832eb3a0874591976ee2ee7bd87e5897f68af", "valid_tracker": true, "product": 8}}, {"model": "stats.productview", "pk": 140, "fields": {"date": "2020-09-23T19:23:06.182Z", "ip_address": "127.0.0.1", "user": 20, "tracking_id": "dd0cd38c9e0fce666e262135a6a921a815e618ac9e7820d4bf6a8cb843620764", "valid_tracker": true, "product": 8}}, {"model": "stats.productview", "pk": 141, "fields": {"date": "2020-09-23T19:30:14.216Z", "ip_address": "127.0.0.1", "user": 20, "tracking_id": "07a1ba7d5eccf1af5df1e618361776fd7f87b50b0bea5ab55bc9450140240a0a", "valid_tracker": true, "product": 8}}, {"model": "stats.productview", "pk": 142, "fields": {"date": "2020-09-24T08:56:11.207Z", "ip_address": "127.0.0.1", "user": 1, "tracking_id": "a0c886283c92ce37d5357ecca45b727c4a3f96e5c078477e18410e26074b42e7", "valid_tracker": true, "product": 5}}, {"model": "stats.productview", "pk": 143, "fields": {"date": "2020-09-25T16:56:50.357Z", "ip_address": "127.0.0.1", "user": 1, "tracking_id": "e3386241ee3706cd684d9424e4c743f2c7841314d7c930cdff013aaae3cb8731", "valid_tracker": true, "product": 8}}, {"model": "stats.productview", "pk": 144, "fields": {"date": "2020-09-25T16:57:07.303Z", "ip_address": "127.0.0.1", "user": null, "tracking_id": "1f7ba086dec26e05886bfe4057155bbf929fd1e374c5489d536ff17d73943037", "valid_tracker": true, "product": 9}}, {"model": "stats.productview", "pk": 145, "fields": {"date": "2020-09-25T17:24:30.319Z", "ip_address": "127.0.0.1", "user": null, "tracking_id": "1f7ba086dec26e05886bfe4057155bbf929fd1e374c5489d536ff17d73943037", "valid_tracker": true, "product": 12}}, {"model": "stats.productview", "pk": 146, "fields": {"date": "2020-09-26T09:48:29.509Z", "ip_address": "127.0.0.1", "user": null, "tracking_id": "d22d00ced3880dc464495d9fdc95a7962b637a0a66c64ff8640560cc11b7c441", "valid_tracker": true, "product": 1}}, {"model": "stats.productview", "pk": 147, "fields": {"date": "2020-09-26T10:28:02.098Z", "ip_address": "127.0.0.1", "user": null, "tracking_id": "d22d00ced3880dc464495d9fdc95a7962b637a0a66c64ff8640560cc11b7c441", "valid_tracker": true, "product": 9}}, {"model": "stats.productview", "pk": 148, "fields": {"date": "2020-09-26T10:28:30.351Z", "ip_address": "127.0.0.1", "user": null, "tracking_id": "d22d00ced3880dc464495d9fdc95a7962b637a0a66c64ff8640560cc11b7c441", "valid_tracker": true, "product": 8}}, {"model": "stats.productview", "pk": 149, "fields": {"date": "2020-09-26T11:33:54.563Z", "ip_address": "127.0.0.1", "user": 1, "tracking_id": "ca191778371376c45c9099c8676258e838e3766513248065c17fb30c90c06f07", "valid_tracker": true, "product": 9}}, {"model": "stats.productview", "pk": 150, "fields": {"date": "2020-09-28T14:42:14.362Z", "ip_address": "127.0.0.1", "user": 1, "tracking_id": "f004fdb78026c418d2ac635cbb45888b30d00f45df1c8b0ce631f2bd87f3db94", "valid_tracker": true, "product": 1}}, {"model": "stats.productview", "pk": 151, "fields": {"date": "2020-09-28T14:42:26.996Z", "ip_address": "127.0.0.1", "user": 1, "tracking_id": "f004fdb78026c418d2ac635cbb45888b30d00f45df1c8b0ce631f2bd87f3db94", "valid_tracker": true, "product": 8}}, {"model": "stats.productview", "pk": 152, "fields": {"date": "2020-09-28T14:43:58.978Z", "ip_address": "127.0.0.1", "user": 1, "tracking_id": "f004fdb78026c418d2ac635cbb45888b30d00f45df1c8b0ce631f2bd87f3db94", "valid_tracker": true, "product": 5}}, {"model": "stats.productview", "pk": 153, "fields": {"date": "2020-09-29T15:18:52.940Z", "ip_address": "127.0.0.1", "user": null, "tracking_id": "853230f9ad1260de08696d8095445fdca9fa5278351286221390de5492acc240", "valid_tracker": true, "product": 9}}, {"model": "stats.productview", "pk": 154, "fields": {"date": "2020-09-30T11:47:59.479Z", "ip_address": "127.0.0.1", "user": 1, "tracking_id": "9e982b0832591dc1e7144402a87553cb0b727c144d92e41a2ebe0b0795f09b14", "valid_tracker": true, "product": 8}}, {"model": "stats.productview", "pk": 155, "fields": {"date": "2020-09-30T11:48:17.863Z", "ip_address": "127.0.0.1", "user": null, "tracking_id": "8e7f0a1c045adfba00cdf7b337a859cc063e5dde2274a28cd45e06053764e112", "valid_tracker": true, "product": 9}}, {"model": "stats.productview", "pk": 156, "fields": {"date": "2020-09-30T11:48:38.177Z", "ip_address": "127.0.0.1", "user": null, "tracking_id": "8e7f0a1c045adfba00cdf7b337a859cc063e5dde2274a28cd45e06053764e112", "valid_tracker": true, "product": 1}}, {"model": "stats.productview", "pk": 157, "fields": {"date": "2020-09-30T12:00:02.349Z", "ip_address": "127.0.0.1", "user": null, "tracking_id": "fdd06752100c260e1884512be5679918c10b2ab2fab69d5b6995d3b7106681fd", "valid_tracker": true, "product": 9}}, {"model": "stats.productview", "pk": 158, "fields": {"date": "2020-09-30T12:07:59.220Z", "ip_address": "127.0.0.1", "user": 1, "tracking_id": "fdd06752100c260e1884512be5679918c10b2ab2fab69d5b6995d3b7106681fd", "valid_tracker": true, "product": 1}}, {"model": "stats.productview", "pk": 159, "fields": {"date": "2020-09-30T23:59:58.140Z", "ip_address": "127.0.0.1", "user": 1, "tracking_id": "fdd06752100c260e1884512be5679918c10b2ab2fab69d5b6995d3b7106681fd", "valid_tracker": true, "product": 6}}, {"model": "stats.productview", "pk": 160, "fields": {"date": "2020-10-01T00:02:10.927Z", "ip_address": "127.0.0.1", "user": null, "tracking_id": "936df5743ddaba4e1c6640cd8d33ce4273ac4ed5a7251a36bee0c1ce3dacbe34", "valid_tracker": true, "product": 1}}, {"model": "stats.productview", "pk": 161, "fields": {"date": "2020-10-01T03:01:47.938Z", "ip_address": "127.0.0.1", "user": 1, "tracking_id": "2f14ff24feed173d38bf226e39c3269513128573e6f45e1c7921ac5caa8673a7", "valid_tracker": true, "product": 8}}, {"model": "stats.productview", "pk": 162, "fields": {"date": "2020-10-01T12:17:46.771Z", "ip_address": "127.0.0.1", "user": null, "tracking_id": "704bf4a8ff5f10c3b5d0c512d59b98d4d1826bbfb5108ccbe1c9878ee56faa93", "valid_tracker": true, "product": 9}}, {"model": "stats.productview", "pk": 163, "fields": {"date": "2020-10-01T12:27:24.633Z", "ip_address": "127.0.0.1", "user": 1, "tracking_id": "704bf4a8ff5f10c3b5d0c512d59b98d4d1826bbfb5108ccbe1c9878ee56faa93", "valid_tracker": true, "product": 8}}, {"model": "stats.productview", "pk": 164, "fields": {"date": "2020-10-01T12:27:55.968Z", "ip_address": "127.0.0.1", "user": null, "tracking_id": "2bd71dd4d72c4d117acb1165c90b20c5ba4ee8bb8e466f38f6922c21add57c88", "valid_tracker": true, "product": 9}}, {"model": "stats.productview", "pk": 165, "fields": {"date": "2020-10-01T12:31:00.748Z", "ip_address": "127.0.0.1", "user": null, "tracking_id": "8cf8e6c4e55d2bdbcec23fa39c5d42c60dfc3ae9740ddb055892022c628380b6", "valid_tracker": true, "product": 9}}, {"model": "stats.productview", "pk": 166, "fields": {"date": "2020-10-01T12:37:22.541Z", "ip_address": "127.0.0.1", "user": null, "tracking_id": "b3396d297753f2e03c5f6065876527c33398784e6e5e93e85425207f62b964c9", "valid_tracker": true, "product": 9}}, {"model": "stats.productview", "pk": 167, "fields": {"date": "2020-10-01T12:39:04.006Z", "ip_address": "127.0.0.1", "user": null, "tracking_id": "049af97c0131349f98f552201f086b936d9b844bdb3ea64ecfb034d03ee9195c", "valid_tracker": true, "product": 1}}, {"model": "stats.productview", "pk": 168, "fields": {"date": "2020-10-01T12:42:12.607Z", "ip_address": "127.0.0.1", "user": 1, "tracking_id": "049af97c0131349f98f552201f086b936d9b844bdb3ea64ecfb034d03ee9195c", "valid_tracker": true, "product": 12}}, {"model": "stats.productview", "pk": 169, "fields": {"date": "2020-10-01T13:03:03.687Z", "ip_address": "127.0.0.1", "user": 1, "tracking_id": "049af97c0131349f98f552201f086b936d9b844bdb3ea64ecfb034d03ee9195c", "valid_tracker": true, "product": 6}}, {"model": "stats.productview", "pk": 170, "fields": {"date": "2020-10-01T20:00:29.933Z", "ip_address": "127.0.0.1", "user": 1, "tracking_id": "049af97c0131349f98f552201f086b936d9b844bdb3ea64ecfb034d03ee9195c", "valid_tracker": true, "product": 11}}, {"model": "stats.productview", "pk": 171, "fields": {"date": "2020-10-05T19:38:11.795Z", "ip_address": "127.0.0.1", "user": 1, "tracking_id": "42c9a302563fa09c184648d980192045701fc82752be5a005bd1978af045df54", "valid_tracker": true, "product": 9}}, {"model": "stats.productview", "pk": 172, "fields": {"date": "2020-10-06T03:09:12.818Z", "ip_address": "127.0.0.1", "user": 1, "tracking_id": "42c9a302563fa09c184648d980192045701fc82752be5a005bd1978af045df54", "valid_tracker": true, "product": 12}}, {"model": "stats.productview", "pk": 173, "fields": {"date": "2020-10-06T19:10:22.709Z", "ip_address": "127.0.0.1", "user": 1, "tracking_id": "6d1c3c9b9f3fd6ae1fd617466ada21c7a00a584c886a114a0ed7445203ea0101", "valid_tracker": true, "product": 9}}, {"model": "stats.productview", "pk": 174, "fields": {"date": "2020-10-06T21:07:30.081Z", "ip_address": "127.0.0.1", "user": 1, "tracking_id": "6d1c3c9b9f3fd6ae1fd617466ada21c7a00a584c886a114a0ed7445203ea0101", "valid_tracker": true, "product": 12}}, {"model": "stats.productview", "pk": 175, "fields": {"date": "2020-10-07T02:27:57.568Z", "ip_address": "127.0.0.1", "user": 1, "tracking_id": "6d1c3c9b9f3fd6ae1fd617466ada21c7a00a584c886a114a0ed7445203ea0101", "valid_tracker": true, "product": 2}}, {"model": "authtoken.token", "pk": "01fc23b09438e1198aafc08b82bd39c4b39ffed0", "fields": {"user": 5, "created": "2020-09-10T14:53:06.215Z"}}, {"model": "authtoken.token", "pk": "04e5cd2ff0ffeb0a8288737753d612552523831d", "fields": {"user": 4, "created": "2020-09-08T20:10:10.623Z"}}, {"model": "authtoken.token", "pk": "1d8bed0682bed798850bd0a69d1eef26dfc18cd2", "fields": {"user": 1, "created": "2020-09-08T20:10:10.589Z"}}, {"model": "authtoken.token", "pk": "32bf6774b9e3b3e2a4b5f337412912b0370888fa", "fields": {"user": 3, "created": "2020-09-08T20:10:10.617Z"}}, {"model": "authtoken.token", "pk": "60f58dd0abaf17f4a503347023b80c4e57a0e49c", "fields": {"user": 7, "created": "2020-09-14T23:37:16.546Z"}}, {"model": "authtoken.token", "pk": "620461d76352fcdd93d3d4e70085b40d730e79f5", "fields": {"user": 20, "created": "2020-09-23T16:47:18.988Z"}}, {"model": "authtoken.token", "pk": "8b8c1b68eafe1f520ba3950358a3ab6b52d0d4f4", "fields": {"user": 6, "created": "2020-09-14T23:12:25.033Z"}}, {"model": "authtoken.token", "pk": "a046b161773ea0aeae8d2f3d32bf5cbaa0c41d67", "fields": {"user": 36, "created": "2020-09-25T01:45:23.699Z"}}, {"model": "authtoken.token", "pk": "b158ba23b66e7e5b171f597a20133a2b6ce2019c", "fields": {"user": 8, "created": "2020-09-15T18:01:20.560Z"}}, {"model": "authtoken.token", "pk": "da20c2c73f9603833e2b5edd7dc8253c2ff3969f", "fields": {"user": 45, "created": "2020-09-26T00:52:07.675Z"}}]