[{"model": "contenttypes.contenttype", "pk": 1, "fields": {"app_label": "admin", "model": "logentry"}}, {"model": "contenttypes.contenttype", "pk": 2, "fields": {"app_label": "auth", "model": "permission"}}, {"model": "contenttypes.contenttype", "pk": 3, "fields": {"app_label": "auth", "model": "group"}}, {"model": "contenttypes.contenttype", "pk": 4, "fields": {"app_label": "contenttypes", "model": "contenttype"}}, {"model": "contenttypes.contenttype", "pk": 5, "fields": {"app_label": "sessions", "model": "session"}}, {"model": "contenttypes.contenttype", "pk": 6, "fields": {"app_label": "sites", "model": "site"}}, {"model": "contenttypes.contenttype", "pk": 7, "fields": {"app_label": "flatpages", "model": "flatpage"}}, {"model": "contenttypes.contenttype", "pk": 8, "fields": {"app_label": "main", "model": "basket"}}, {"model": "contenttypes.contenttype", "pk": 9, "fields": {"app_label": "main", "model": "basketline"}}, {"model": "contenttypes.contenttype", "pk": 10, "fields": {"app_label": "main", "model": "madere"}}, {"model": "contenttypes.contenttype", "pk": 11, "fields": {"app_label": "users", "model": "user"}}, {"model": "contenttypes.contenttype", "pk": 12, "fields": {"app_label": "users", "model": "businessinformation"}}, {"model": "contenttypes.contenttype", "pk": 13, "fields": {"app_label": "users", "model": "seller_profile"}}, {"model": "contenttypes.contenttype", "pk": 14, "fields": {"app_label": "users", "model": "profile"}}, {"model": "contenttypes.contenttype", "pk": 15, "fields": {"app_label": "categories", "model": "category"}}, {"model": "contenttypes.contenttype", "pk": 16, "fields": {"app_label": "me2ushop", "model": "address"}}, {"model": "contenttypes.contenttype", "pk": 17, "fields": {"app_label": "me2ushop", "model": "coupon"}}, {"model": "contenttypes.contenttype", "pk": 18, "fields": {"app_label": "me2ushop", "model": "order"}}, {"model": "contenttypes.contenttype", "pk": 19, "fields": {"app_label": "me2ushop", "model": "orderitem"}}, {"model": "contenttypes.contenttype", "pk": 20, "fields": {"app_label": "me2ushop", "model": "product"}}, {"model": "contenttypes.contenttype", "pk": 21, "fields": {"app_label": "me2ushop", "model": "productimage"}}, {"model": "contenttypes.contenttype", "pk": 22, "fields": {"app_label": "me2ushop", "model": "productreview"}}, {"model": "contenttypes.contenttype", "pk": 23, "fields": {"app_label": "me2ushop", "model": "requestrefund"}}, {"model": "contenttypes.contenttype", "pk": 24, "fields": {"app_label": "me2ushop", "model": "stripepayment"}}, {"model": "contenttypes.contenttype", "pk": 25, "fields": {"app_label": "search", "model": "searchterm"}}, {"model": "contenttypes.contenttype", "pk": 26, "fields": {"app_label": "stats", "model": "productview"}}, {"model": "contenttypes.contenttype", "pk": 27, "fields": {"app_label": "tagging", "model": "tag"}}, {"model": "contenttypes.contenttype", "pk": 28, "fields": {"app_label": "tagging", "model": "taggeditem"}}, {"model": "contenttypes.contenttype", "pk": 29, "fields": {"app_label": "sellers", "model": "sellers"}}, {"model": "contenttypes.contenttype", "pk": 30, "fields": {"app_label": "sellers", "model": "businessinformation"}}, {"model": "contenttypes.contenttype", "pk": 31, "fields": {"app_label": "authtoken", "model": "token"}}, {"model": "sessions.session", "pk": "00o2obgw3h4t28n3if0l32hwtm0lyj8p", "fields": {"session_data": "NDI3ZmU3Y2U3NDg5YjJmMjQzNjFjM2VmMzA3YmRhMGJmZWVkMmZmNTp7InRyYWNraW5nX2lkIjoiODE2Yjk2ZTE4MzZiYWI3ZjBmMThkZDExNjc0NjE3MjkwYzUyYTU5NTMzMzk1M2FiNzc0NTIyMDhmOWEzNTU5ZiJ9", "expire_date": "2020-09-09T00:09:28.179Z"}}, {"model": "sessions.session", "pk": "05yqe0wakzggot0u1qdzd78v1th4munz", "fields": {"session_data": "NGIxNTRhNGEyNjkzYWI1ZmVkNTgwZDZmZTk1NWRiZWE4MWQ0Zjg2Njp7InRyYWNraW5nX2lkIjoiZTZjMzUwZTRiYWU2ZTAyYTY1YmFmMzJiNjlmZWUzZjJjZjJiOGRmZTBmMzFkZTlkOWZkOGI5OGM4ZTQ1YzQ2MiJ9", "expire_date": "2020-09-07T18:38:40.034Z"}}, {"model": "sessions.session", "pk": "0es30p4r9mrl0yobw9xahd5g8e01q4tp", "fields": {"session_data": "YjQ4NTA5ZWQxMTBiZmNjODI4NzVmZjg4MmIwNzlmMDRjMjNhNDg1MDp7InRyYWNraW5nX2lkIjoiZWQ0ODcxYWIxMGU4YmYxNTUzY2FhZDNjNzE3MzUzNmZhZjZiZmVhMGY2MzUwNjhmMDcwZmE3NzY5NjNmZGIxOSJ9", "expire_date": "2020-09-07T18:40:56.392Z"}}, {"model": "sessions.session", "pk": "12afujl14caypnmzn997cil49ozr2tuz", "fields": {"session_data": "YTgxYjIwMDBkOGRiNTFjZTNhYzBlM2M3ZGRlMjExOWFjZTU2ODQwNDp7InRyYWNraW5nX2lkIjoiOGI2YzBmNDA0Y2QzMGM2NDUzMTEzOTNlMDIzMTkzZjY0OWE2NThkMDcwNWNjN2VmMDAxOTE5MjQ1M2E3MTlhMCJ9", "expire_date": "2020-09-07T18:41:29.008Z"}}, {"model": "sessions.session", "pk": "166t7cyzem0fiytndiixvcnqblp5gdz2", "fields": {"session_data": "YjFmMzgyNmI1OTA2YzZmMTlhMzFmMDRiY2ZiMTllMjdiYmQ0OTBhODp7InRyYWNraW5nX2lkIjoiYWNmNDk3N2ExNTRmMGJiYzFhYjg4ZTM1YzhhM2M1YmY2MDYzMDg0OTY2NDI2NjM2YjJhMjA1NzgwZDhmYmE4MyJ9", "expire_date": "2020-09-07T18:41:03.146Z"}}, {"model": "sessions.session", "pk": "198m8br80ywbzde7h4whafdazupq7ijp", "fields": {"session_data": "MmFmZjM1MGVlMjU5NThhNTYzMzVhZTNmOGYzODUxZjI1YWRhYjVhNTp7InRyYWNraW5nX2lkIjoiNzg5YTM0MmJhYWIyNGM5OTJkYmU0NGFmZWNkODZhYzViNzUyNGUwMTYzMDM1ZDRiNDU2YWFlMjJkMTJhOTYxMyJ9", "expire_date": "2020-09-08T05:47:59.266Z"}}, {"model": "sessions.session", "pk": "1b76ov1qj3fjc9l64ol9l2bevqcouu4q", "fields": {"session_data": "OWNjYzhiZmRhZGQxODA3ODg1YzY2MGI0YzUyODNmZDdlYjg0YzQ5Nzp7InRyYWNraW5nX2lkIjoiZGI3NjcwMTYyN2UyZGI2OGUxZTg5ZjkwMTRiOTNiZTQ4MTY3ZjE3NmRmNGMyMzY2ZDI4ODEyODEzOGJjNGIxZiJ9", "expire_date": "2020-09-07T18:48:50.497Z"}}, {"model": "sessions.session", "pk": "1codk5k3lkcgiapy1nw7wzmhp33tnbt0", "fields": {"session_data": "NGQzMDY2YzdiZjdmODEyYTBmZmVkZGQwOWVmNzczYWE1YWZhMTY2ODp7InRyYWNraW5nX2lkIjoiYzEzM2M3NjQwMDhjNDgyNDc1Yzg4M2Y4ZTFmYjEyYWM5NTA5ZTgyOWUwYThhNWUyODI3NWVlM2NjNGY0M2MxMCJ9", "expire_date": "2020-09-07T18:41:09.236Z"}}, {"model": "sessions.session", "pk": "1gcvwi1e2n568ldo2f8purop8bbregg5", "fields": {"session_data": "NmVjYjQzM2Y4NzFlZmZmNjBhY2ZiYzQzMTQ1MDY0ZTQyYjQ0ZGI5MTp7InRyYWNraW5nX2lkIjoiMzQzZjcxOWQ1Y2Y1NjBmYmQ1MTE3ODY5ZmQ3Mjc0NzlmZTUyY2FjYjZhNjYwMmViMmQyMDQ3OGE4YzU5Mjc5ZiJ9", "expire_date": "2020-09-09T04:00:20.495Z"}}, {"model": "sessions.session", "pk": "1t95iczjiktdsljb97owvjn3udasd6e6", "fields": {"session_data": "ZTk0ODU4YTRiZTAwODFiYTY1NDA0ZTc0ZWMwZDE1ZTk5Y2VhZjczMzp7InRyYWNraW5nX2lkIjoiMTMwZTE3ZDczODFlYTAzZjkyY2U5YTE1ZmU0MGFlMjE5N2FlZjAwZWExOTM2MjgwYjU1ODk2ZjMxNTk0MTM3ZiJ9", "expire_date": "2020-09-07T18:48:56.708Z"}}, {"model": "sessions.session", "pk": "2ghe3v60joye1s7gewiiz95croyu9rlq", "fields": {"session_data": "MGM4YjA0M2MzMTVmNTlkNjdiMjI1OWUwNDhlMDE1N2JjZDQ4ZGNhZDp7InRyYWNraW5nX2lkIjoiMzRhZjZjZGVlY2I0N2JiNjExZDI0Yzc1NTU5NDUyN2RlZjUwNWY2M2UzMjI3MzRiMDQ1MGQ5NmYwNzBmYzRlYyJ9", "expire_date": "2020-09-07T18:41:02.785Z"}}, {"model": "sessions.session", "pk": "2yxeenp6n9q2uen9ggrq1bqzdmkk5l72", "fields": {"session_data": "YjRhOTgyMDViZjU5NmJkNDMwMWFiNmFiMTc0ZGJjNTk1YTRmNGNmNzp7InRyYWNraW5nX2lkIjoiNzg1MTE4MWEyM2M3OTNmNTc4ZDI0Mzc5NTliYzQ4NWI1NGY1ZGNhYTA5MTYwYTFlMjRlZGY4NGVjODllZDYwZCIsIl9hdXRoX3VzZXJfaWQiOiIxIiwiX2F1dGhfdXNlcl9iYWNrZW5kIjoiZGphbmdvLmNvbnRyaWIuYXV0aC5iYWNrZW5kcy5Nb2RlbEJhY2tlbmQiLCJfYXV0aF91c2VyX2hhc2giOiJjOGM4YTk1OTM4ODNjMWQwYmI2MDg4MGUwMjQ5MTU3NTU4YTk3MGUyIn0=", "expire_date": "2020-09-06T15:17:56.233Z"}}, {"model": "sessions.session", "pk": "3l941jpwh9q8lb1bpfj0ompxgxabfygt", "fields": {"session_data": "ODQ1YjJjNjM5ZjE4MGE0Njk3NzBlZjNmY2Q0Njk3N2NhODNhNWM2Mjp7InRyYWNraW5nX2lkIjoiYTQxNGE0ZmM3YWZlNmMwNTkwZDFjNWVlZTg2OTM0N2ZkNzZlY2U1ODQxODIwZWE5MjFjN2UyNWQ2OTQwYjVhYiJ9", "expire_date": "2020-09-07T18:50:25.164Z"}}, {"model": "sessions.session", "pk": "4ak6v5jta9yshd4llottl7gqvx1vokxy", "fields": {"session_data": "NTUwZTc1MTcwYmFlMWRkMmI5MGJmNzRmMWEyNWEzNDc2OWJkNmE0ODp7InRyYWNraW5nX2lkIjoiODdkNzI5YWRmMDY3YjU3NTY5OTcwZTRhMjBhM2VkZTliMjMxYzYzMTNkYWMzYzUyZmJjYWZjZjU3YjhmOWQ5NyJ9", "expire_date": "2020-09-09T00:01:39.066Z"}}, {"model": "sessions.session", "pk": "56jaqs28377nue8lwzj474211spi07nj", "fields": {"session_data": "MWUzZjU0YmRiMWEyZTllNGRhNWQ5NDNhNzhkNzFlYWE0YmI0ZWQyZDp7InRyYWNraW5nX2lkIjoiZjhjNzMzZDBlYjBmZTc4MjNkZDVlYjViNDMxYTlkOWJhYzQxYmVlMTAzMmExMTk4NGZhOGY2Zjg3MmM4MmY0MSJ9", "expire_date": "2020-09-07T18:38:02.661Z"}}, {"model": "sessions.session", "pk": "59ubob52cuszx74fg5oquk70kjlp5rdv", "fields": {"session_data": "MzkxZTdhNTQ1ZjFlMWY1YjY1MDM3NjE5YzAyNTJiZDZkZTk1ZDI1ODp7InRyYWNraW5nX2lkIjoiYzMwY2Q2ZTViZjM4OTgzM2I4ZWUwYzgxMDA4YjA3NmQzOGNhYTQxNGFiMGNlNzJlNTc1OGNkNzA5ZDk5NjNjMiJ9", "expire_date": "2020-09-09T03:07:33.698Z"}}, {"model": "sessions.session", "pk": "5rdoqou7auhnzchopdhamntsd2x7j930", "fields": {"session_data": "YjQyMTU4YzA5MThhNjFjY2IyZGFlY2FhMjdlYTI4NWIxNzIwNTZjMDp7InRyYWNraW5nX2lkIjoiOGVjYjc3YzViYzUyMmQ1NDg2ZDA5YjcyMjQ0MDc5MmY3OGY1Y2Y2YzZiMGFiZDZhMTkzZDM4NDcwZjI1MDVkNyJ9", "expire_date": "2020-09-07T18:46:55.936Z"}}, {"model": "sessions.session", "pk": "5rwwc38zmmtyp0j3lhutsmz4ke3dk72p", "fields": {"session_data": "ZTZkOWZjZGJkYmJhZDRiNmRhNGEyODZhYzg2MmQyZDVmZDE3NDk2YTp7InRyYWNraW5nX2lkIjoiZmEwNmNkNThiNGJhMzZmZmFkNDQyZjE4ZTNhOTQ5ZTU5NTY1Y2M0NzliODBkNzU1YmNjOTk0YjJjMGQyYWQwYiJ9", "expire_date": "2020-09-08T04:53:15.983Z"}}, {"model": "sessions.session", "pk": "62ozzy0h49858f8yb7pztu0jfjku5nlw", "fields": {"session_data": "ZGY2MmU0NGNjMWNlOTE3YThhY2ZmZWQ3YmUyYzk3OGZlMmFiMTU0Mzp7InRyYWNraW5nX2lkIjoiZmUyZmZmMGQ1MzE1ZDRhMDU0OTEzOTNiMTI5ZWJiODNhNTk0YTBjODcxOTZkNmRiNjAxY2MwMjQ5ZWNiYzFkZCJ9", "expire_date": "2020-09-07T18:38:08.877Z"}}, {"model": "sessions.session", "pk": "6q4it62jzfotlfa7vxcel6xanljs3d2u", "fields": {"session_data": "ODA0YzBlZjNlZWM0NmRiOGEzYWVkODgyMWMwYWRmMjFmOTJiMGI2Njp7InRyYWNraW5nX2lkIjoiZmE1MmNkY2ZlZjVmZGExNGZlNGM4NTA5Mjk4ZDQ0YzgxMThiZjc5N2E1ZTU2MzJlNDYwYjlmZGE0YjQ1ZGZjMiJ9", "expire_date": "2020-09-07T18:47:00.906Z"}}, {"model": "sessions.session", "pk": "7ho7ebazxl83biy1synfd4vvca87qcdb", "fields": {"session_data": "YWI3OWQwNGRhYzY5OGY1YzQwZmU3Yjk5YjJhOTExNzAxY2FjNzZiMDp7InRyYWNraW5nX2lkIjoiZTQyNTZhZjY1ZjBhYjFkMGM3YTg5MDkyMmM1ZTRkNDU4ZThjNDAwNWEzMDAxZWYxZjM1NmYxNDdkZGU3NjhhNiJ9", "expire_date": "2020-09-07T18:38:34.486Z"}}, {"model": "sessions.session", "pk": "ak6mexc8cdkxt5wf62n6fx7d598bp9yl", "fields": {"session_data": "NDMzNWNkNDI0ZDdjNzM5NDQ2ZWU3NGIxNTc0YmQzNTJhMTk0YTllODp7InRyYWNraW5nX2lkIjoiMDBmNjM1ZDllYzgxOTdjZmM0YzNmMjg5ZjcyZWVjYzNlN2MzOTU5ZjBiY2ZmNjgwNWMyZjUxOTc3N2Q3MWMzYiJ9", "expire_date": "2020-09-09T00:45:20.026Z"}}, {"model": "sessions.session", "pk": "b33c97q384ci4fftllii4iist7q5as2g", "fields": {"session_data": "MTBiM2UxNDRlMzE1NDA3M2QxMGY3MDdjNWFjYmEwODFmYmQ1MDk1Zjp7InRyYWNraW5nX2lkIjoiMjJiZTU1MDY5OTFlMmQzNGFjYTFjNDNlMjllMWJjNDhiYzBjZmY2MWNiOGE0M2M2MTJmYWM1ZTQ0OTUzZDNhYyJ9", "expire_date": "2020-09-09T00:13:13.737Z"}}, {"model": "sessions.session", "pk": "b5e039rb9uwwt63l90uyxyspnf500fjv", "fields": {"session_data": "NThhZDE0Y2Q4NzY3MTQwYmFlMjZiY2E5NWQ1ZTY0Zjk3ODM5YzE3MDp7InRyYWNraW5nX2lkIjoiMWU5NDNjMzNjMzM4ODE5NzgyMTc1OWM0OGRjNDJhNGIyMzY5YjM5OTczMTdhOGI0M2E5ZDBiNmM5OTNiM2Y0OCJ9", "expire_date": "2020-09-07T18:38:22.973Z"}}, {"model": "sessions.session", "pk": "c020hz9fv8ykm9c9u1q0w5c5zsj3bos8", "fields": {"session_data": "ZTFmZmZmYzIyOTM4N2YzNDM4OWU5NGNmODc2YmU2N2I5Y2YwYzBiMjp7InRyYWNraW5nX2lkIjoiZWQ0NDBiYTZmYzAzNzc1ODkzMDE2MDEzMWZiODA2ODhhNjVmZjI0N2M1ZTM2Njg4ZDJhOGM3OTZmYTAxMzNhYSJ9", "expire_date": "2020-09-08T23:07:36.095Z"}}, {"model": "sessions.session", "pk": "cbhvt0n6v0issp5nye05ts2pgaos150w", "fields": {"session_data": "ZjE2MzliNDhlZWRiNGRmOTE4MGQ1ODA0NDNmNDExYmM2NzE2MjQ5ZTp7InRyYWNraW5nX2lkIjoiMDYyNGNhZWY3MjMyOWM0NGRmNDM5NDRiMDU3MTU5ZjI4YmY0YmFlNmE2NTNkMDhmNTZjZmM1MWFiMDQ3NzkwYiJ9", "expire_date": "2020-09-07T18:50:24.712Z"}}, {"model": "sessions.session", "pk": "d4ttn0q0qyjaf4h0mwl0jhhum9u0kplh", "fields": {"session_data": "NWQxYmEwZjIxMGEyNzBmOTNjY2JkZmU0ZGEyY2U1MjMyMzQ4Nzc1NTp7InRyYWNraW5nX2lkIjoiYWM2YTZiYmE3MDgwMjJmNzYzMDc0OTQyNDEzNTA4ZTRmNDVmNDAxNzdlZDIzMTRkOGY5ZjM0MTYxYWVkMTY4YiJ9", "expire_date": "2020-09-08T06:11:50.369Z"}}, {"model": "sessions.session", "pk": "deipm9loxmcvojt4723fse3t4620iy2d", "fields": {"session_data": "OTI2NjMxY2Y4NzQ5YjQ4ZWYxYzFmZDY5NTc2ZmYxODlhYTcwZmQwZTp7InRyYWNraW5nX2lkIjoiNjAwN2ZiZDM3OGY5MDc1Y2MwOTViYWZjNDdlOWY5ODhmODVhNjc0NDYxYjUyOGI1NzIwOTQ3YTQ0OThkZTI1NyJ9", "expire_date": "2020-09-07T18:50:12.590Z"}}, {"model": "sessions.session", "pk": "e7erlorcwxbaxwkx5uz50cx71y1a0lnb", "fields": {"session_data": "MjA2ODBkZmViZTk2NmE5MzI1OGEzYjliZjA4ZTM4Zjg2ZTdkZjRlZjp7InRyYWNraW5nX2lkIjoiMWNmYWRmN2QzODhlOTI4MmZhMjczMjEyMzBhZTRiOGYxNDdiNDUwZDE5MjI0Mzc3ZjhhZjkzZDZkOTFlMzI1MiJ9", "expire_date": "2020-09-09T00:38:44.349Z"}}, {"model": "sessions.session", "pk": "ej8avencx3n9pv70l5f0dcilfdbigvor", "fields": {"session_data": "OWZhYzRmY2M3YjBiNWM0YmIyYjZlZDk2ZmRlMjM1MDY5YWNlZmIyMDp7InRyYWNraW5nX2lkIjoiMDE4YzEzYWJiMzM4NTNiYTZiMmQ0N2Q5N2VlMjExODA0ZDkyN2U5YjFkZTlhZTgyM2Y3NDM3MjRlNGFiMDAxNiJ9", "expire_date": "2020-09-09T01:20:53.563Z"}}, {"model": "sessions.session", "pk": "eq14h87mc4vksriekzfdyidhow7docgs", "fields": {"session_data": "Njc2MWZhNzU4MWRjNzhkYjQ4MGQ4ZjJjNDNjMDUyZThkYjZmOThjMDp7InRyYWNraW5nX2lkIjoiZDE3MmFlZTEzYjJkNzIwZWI1MzBhNTA5ZjcyZWJiNjI5ZDliYTg1NDg2M2MwZGNiYTFmNDQ0Mzk1MjFmNmU3ZSJ9", "expire_date": "2020-09-09T03:42:32.389Z"}}, {"model": "sessions.session", "pk": "esosipq6tdtavcue51xa80k55quajcur", "fields": {"session_data": "Mjk3Y2M0NjY5MWU3YjQ5MzY3ZTA2N2Y2ZDRhMTEzMjU4ZDBiMmQ4YTp7InRyYWNraW5nX2lkIjoiZjdjOGIzODk1NjAwMDIxZmJiYWI1ZDViOGUzN2I2ZDdjYmMwM2FkNGU0MTVmYjM0ZTg3YmUwYWQ2Yzk3ZDhmZSJ9", "expire_date": "2020-09-09T00:25:47.808Z"}}, {"model": "sessions.session", "pk": "fyyxfmzcwkflps9jowbt0llg657rikz9", "fields": {"session_data": "NDJkNTQ3OGFlNTJjMTM2MmZiMzExM2RhN2RmOTNiOGM0OGI4N2Q4Yzp7InRyYWNraW5nX2lkIjoiNTNiMTkxNGU5NmZlOGIxZWNiYjQ3MmNiODg3MzRmZmEyY2JlYWJmMTliY2NiZjMyODEwNTlmNmQ5MTFlNDI2NiJ9", "expire_date": "2020-09-09T00:37:08.196Z"}}, {"model": "sessions.session", "pk": "g8h4l68i9m8535rd5fw5e4mqlhi2ogp5", "fields": {"session_data": "Zjg3M2RmM2NiNDUxMmJiMzQyMDcwOWEyZTk1Y2ViOTdhYWY2OGMwYTp7InRyYWNraW5nX2lkIjoiYTEwYWM3OWQ1NGVlNjRmNmQyODM5NmUzNmZlMmJlZmMyNTgyYmE5ZjE2OTIwZTUyYWNmYmU3YTU2OGE0ZTEzMCJ9", "expire_date": "2020-09-08T23:58:16.503Z"}}, {"model": "sessions.session", "pk": "gq4s0qbo9ktliowg1o26u0ejqynduwsh", "fields": {"session_data": "M2M2YTYxOGYwZTllNjIxNDc2ZWQyZDY3ZGNiOTgxYzRkZTM3YzIwOTp7InRyYWNraW5nX2lkIjoiZDMxNWViOGRiZWE2MDcxMTU1YmMyODM0NWIxMzBkOTE1NmUyMWYxOTU3YzhhZTMyZDM5NzI0N2EwMTU1ZTJlZiIsIl9hdXRoX3VzZXJfaWQiOiIyIiwiX2F1dGhfdXNlcl9iYWNrZW5kIjoiZGphbmdvLmNvbnRyaWIuYXV0aC5iYWNrZW5kcy5Nb2RlbEJhY2tlbmQiLCJfYXV0aF91c2VyX2hhc2giOiI0MzRhMzNjNDBmNGUzOGUzYmU4NmQ1OGIzMmVlNmQwM2QwYzkyZjgzIn0=", "expire_date": "2020-09-09T03:05:40.969Z"}}, {"model": "sessions.session", "pk": "h7kbaxzo58wsf8wm0d2w4dieedkjamfj", "fields": {"session_data": "YTZhZjFkY2Y1MDk4ODIxYmE1MWFhNDFmYjNkZTI2ZjQxNWZiNzllYTp7InRyYWNraW5nX2lkIjoiODYyYzUwN2M4ODdhMTVhNTM1N2I0NmM2MjFjZTQxZjhhNmRmODQ3MGU1MWFhMDMzNGZhMmQ1MzYxYTI3ZmYxMiJ9", "expire_date": "2020-09-07T18:37:30.254Z"}}, {"model": "sessions.session", "pk": "hifqnmxhg3g98hw4fobct4yk7bak76bx", "fields": {"session_data": "MWE2N2VjZjIzMGViZTcyOGEzYTY4MGNkNjE5ZDk1NGM0ZmU5Njk0Yjp7InRyYWNraW5nX2lkIjoiODkyNTQ1Y2VmMTk3MjIyOWQyODNjNzJlMjE1MzlkMTE1OTQzMmNiOWU1MzU1MGNmNzljNjYwYzk2MGEyMTdiMiJ9", "expire_date": "2020-09-07T18:41:08.832Z"}}, {"model": "sessions.session", "pk": "hmbouusz4dkigxij4d4irkijl1tsj9ha", "fields": {"session_data": "Y2JmZDI0YzhmMTc3ZDI0NGE5MzRkYTQ3OTc5MmQ1MjhhZDQ3ODYzMzp7InRyYWNraW5nX2lkIjoiMzMxYWFhYzg5MWE3MjNhZjQ4NzhhMzJiMDMwNzdjNWM3Yzk4ZTE4ZDc1OWI2YTIzODZmN2MyNTM1Mzc1ZGRkNyJ9", "expire_date": "2020-09-09T01:07:11.118Z"}}, {"model": "sessions.session", "pk": "i2l17jwe3xyv3a86j48bmabsjtqmgfo1", "fields": {"session_data": "OGYzZjY4YWZjODQzMTM1ZmU0NjU2OTczMTY2YzRhOWRiZjZjMzA3Njp7InRyYWNraW5nX2lkIjoiZThhN2FjMGJlZWEwZjhiYTFlNTAzMmQ0ODFiMDFkN2Q2ODQyYTRhNjBmMjc5ODdiOGVkMjIwNTA4NzdlMzAyNSJ9", "expire_date": "2020-09-08T23:43:06.823Z"}}, {"model": "sessions.session", "pk": "i4v81w3btgegqou57q08pyqgeoef5k97", "fields": {"session_data": "NmE2Y2RiZmIxNjM0ZGQ1ZDk4MDZkMjkxMjA4NDU4MzU5ODA1ZWZlODp7InRyYWNraW5nX2lkIjoiM2ZlNGYzYjQ5YWQ1OTcwODVjNzdjNWUyMjdkYzhhNmZiMTA4NDc4YjVmNTFiNjVjYjBhNzA0MzhjYWZmZTkwZSJ9", "expire_date": "2020-09-07T18:37:31.385Z"}}, {"model": "sessions.session", "pk": "ify9gacc1lc2pkyxwh7w8sdi39y9lgvu", "fields": {"session_data": "ZWQ0YzhiNWQwZjU3MjE4NmRiZmJiZTA2ZThlZGNjMjE3N2E5Njc1NDp7InRyYWNraW5nX2lkIjoiNTYyMzBhMDdjN2QwZjI1MGYwN2VkYzk2YmZkY2VjZjI1NzFmM2U4OWU3NWJlMmZmMWExNjlmZjAxNTQwYTE1OSJ9", "expire_date": "2020-09-08T06:11:14.860Z"}}, {"model": "sessions.session", "pk": "ipkg91jv8n731v43b4r3crvst5zmujwl", "fields": {"session_data": "NmMxZDI3MWE2YmVjZDM1MDc0N2VmNzdlYTlmMzMxMmVkYzkwOTNjODp7InRyYWNraW5nX2lkIjoiZjY1ZTMzOGM4NWFjYTM0NTBlYjU0NTZiMTUzZTY0ZWMxZDIyNTJmOWNkNjA5NGJjNmQyNWU2ZDdmMDRiOGMwZCJ9", "expire_date": "2020-09-09T00:18:00.245Z"}}, {"model": "sessions.session", "pk": "ivz1flnhzbi5oudoqpom89buz3bujudk", "fields": {"session_data": "MjM2YWNiNzcyYWVjOTc4ZGI0NjM5ZTU0YTI5NWZhMTllY2FkNjY5Mjp7InRyYWNraW5nX2lkIjoiYTZkMGYyMjYzNGZjZDk1M2U1YjQ5MjllMTZjMTkwMjgwNDhiNTk4Yzc3MzA5YTIyNzkxODE5MDUzOWQ3OWRmZSJ9", "expire_date": "2020-09-07T18:38:34.974Z"}}, {"model": "sessions.session", "pk": "j93960f9cvvnbyaiurwm86ax7haf2ksb", "fields": {"session_data": "YTEwNWYwZDk3ZDhlNGVlZTAzY2I2NjRlZTdkYTc0MDZlMDg0Nzk5ZDp7InRyYWNraW5nX2lkIjoiNDA3Yjk3ZWJmOGQ2ZDA0OGUyNDU0Nzg5ZmY1MTE0OWFiMzc1MjYwNjRiYjk5N2FmYzI1Yzg5ODA2NDgxMmEwNiJ9", "expire_date": "2020-09-07T18:48:43.869Z"}}, {"model": "sessions.session", "pk": "jm9guqniop463b0p0kixo5j9rvv8x79n", "fields": {"session_data": "Y2JlZmE2YjhjNzA0NDQ0M2EwZTNiY2YyMmUzN2I2MDJhMDUwYzBjZjp7InRyYWNraW5nX2lkIjoiZDVkYWE5YTIxN2ZmMTg2MGU3YTkzNjYxMjdmNTdiODhlMjdhZDhjN2MyOGJiYjk1NjI4NzA1YjQzODliNzZlYiJ9", "expire_date": "2020-09-09T00:26:32.712Z"}}, {"model": "sessions.session", "pk": "k176r09q8bc1m036r910c9s2t9r0ndku", "fields": {"session_data": "MTdkMmMwN2MxOGExZDY1YWYyYWQ4YjFkZTNlZmM5OGNkZjY4MGYwNDp7InRyYWNraW5nX2lkIjoiYWRlMTUzNTNhZjU3NjMwNzdiMTEzNzI2ZWFlYzU4YzcyZDY1YjIxYTAwNGUzMzI4ZmQ0ODA3ZWUzYmMxYmUxOCJ9", "expire_date": "2020-09-08T23:05:24.801Z"}}, {"model": "sessions.session", "pk": "kgt9xxh6coo0blb7ew6rcpxppwggtmpc", "fields": {"session_data": "YzViYmE1MjllZTE4MGZkZTY4MmUxNzQxNTIyYTkyZjUxNDQ4MDkwYjp7InRyYWNraW5nX2lkIjoiMWVkMmEzN2YwMzgwNjUyNjM1YTY2YTA1MDQ1MjZmYzM2ZGM1NjEzNjZmYjM4NjRjYTU5MmIxZTMwZWEyMDk3MSJ9", "expire_date": "2020-09-09T00:11:51.224Z"}}, {"model": "sessions.session", "pk": "km4depkyuk6fgtf9qk3wuogz5utixpdc", "fields": {"session_data": "OGU4MzYzZjJhYmI5ZjMwMTQyNjI3Y2RlM2VlNTk1NDRhYzQwZDAzMjp7InRyYWNraW5nX2lkIjoiMTU0OWQwZTc5N2Q1YzI1OWNmMDJjYWQ4Yzc1YWM1YjU2MDg0ZGQ3YWY2NTRhMWFiMWY4MmUyNmI1OGMwMzNiZiJ9", "expire_date": "2020-09-08T04:44:51.752Z"}}, {"model": "sessions.session", "pk": "l21hv3dscshw31dhxtq0ouhzf3cjk7xa", "fields": {"session_data": "MzRmYjRhYzE3MmU5MTFkMTA0MWJmOTA5NzBiNjlmZDJjNzcwNDljNTp7InRyYWNraW5nX2lkIjoiNDg1OTA4MTJhNWMzMmJmMzM2ZWIxZjllOTdjMjkyMjEwZDQwN2Q4NjQ5YTVlYzNjYzYyMWY4MWYyY2ZlOTExNCJ9", "expire_date": "2020-09-08T04:48:53.545Z"}}, {"model": "sessions.session", "pk": "l62qd3kzrcs7up8mco3edjhlfpomkt7m", "fields": {"session_data": "ZmEwOTI2NDE3ODY2OGVjYThjNGQyN2QwY2RjYWFmZDkxMDVmY2QzYTp7InRyYWNraW5nX2lkIjoiOTNhODk2MTU4NjYxYTU4OTYzMTViZjdjOTU2MjVmNGJlMDMyMDRlZDEyODQwZjhiY2M2N2VlNDM1NjBjY2E2ZiJ9", "expire_date": "2020-09-05T22:21:25.915Z"}}, {"model": "sessions.session", "pk": "lntlj69hcq29lq0b1rqzvnbahs3wstii", "fields": {"session_data": "YWI1MmY1NzQ2MDUwOWM2YjIyZTZlYzYzODMyN2ExMmI2MzQ1ZmEzYTp7InRyYWNraW5nX2lkIjoiN2U0OTZhOTEwN2U0OTY3YmQzOGM4ZDJlM2EwYTlmM2VjNjQwNmU5YTY2Yzk1ZjUxYTM4ZTZlZWE2ZDUwOTJjMiJ9", "expire_date": "2020-09-07T18:49:47.702Z"}}, {"model": "sessions.session", "pk": "m699yrhi3h08c2u3e13nmkvhn907h0nx", "fields": {"session_data": "YzEzZjEyOTYxZjQ4OTE3YzFlOTM3NTA5MTk0ZGVjZmM5YWZiNTRhMDp7InRyYWNraW5nX2lkIjoiZDFiMjU3MjJhN2Q4Yzk4YTk2NzM1N2ZiZTkzZGQxN2ZkNTdkZjRjODU0MTU3NDM0MDE3NzRjNjEwYzU2OWRiZCJ9", "expire_date": "2020-09-07T18:38:03.176Z"}}, {"model": "sessions.session", "pk": "n55kx0d9yi6ag7xl4rvtihgjcg4rv4mz", "fields": {"session_data": "MzQ2MzhhYmM2Yzg2Mjc4Y2E3OGIxOTUxZTc5ZDY0YTZiYjE4ZGYzMzp7InRyYWNraW5nX2lkIjoiNzk2NTIwNDgyYzI0Yjk1YTVkODI0MzMzMTJjYTBjMThjZjcxNTlhNzM4NDAyY2NjYWZjNzVhZDM3M2M1Yjc0YyJ9", "expire_date": "2020-09-08T04:47:24.928Z"}}, {"model": "sessions.session", "pk": "n5y4z1l0th213zb7oehp3irooxprbrhx", "fields": {"session_data": "NDg5MGM2MzRiOTdlYjIwZTc4ZDc5ZGYyOWYyYjEwOWQ0YWY3NjAxNzp7InRyYWNraW5nX2lkIjoiYmExOTEyMjdlMGM0MTdhY2RmOTQ0YzljZTFkM2JjYzQ4MmY2MGU2N2FhNzIxNWY1OTU2YjdlMjVlNjJlYzAxOSJ9", "expire_date": "2020-09-09T03:42:32.860Z"}}, {"model": "sessions.session", "pk": "n79hb0xqublikbfusbbfbopb3awi33jk", "fields": {"session_data": "ZGJlZTUxN2IwOTI1ZmY2ODJhZTkzZGI3NDZkNWI0MmI1M2EyYWVhMjp7InRyYWNraW5nX2lkIjoiMmQ3N2E4MGVhOWM2MDcyMzEwZjA1ZWM0ZGFmNGM0YmYwMmEyZTJmZDBlMDhjYzgxZTRiNDY1ZTZhMmUwYzM0NCJ9", "expire_date": "2020-09-07T18:38:09.306Z"}}, {"model": "sessions.session", "pk": "ngycmdfnigo15i2pgoaw8h3y4tqvhk78", "fields": {"session_data": "NDlkM2VjNWIwMmI5Yzg4YTUyNWE5YTIxNGIzMmZlNzM0NmFhNDU0MTp7InRyYWNraW5nX2lkIjoiNzgwZDEwYmE0NzQ5NTA0NGQ0NmIxM2VjNGViMDdjNWU2NzQwZDBkNjQxMjllNWZkMzM1NWQwODI5ZGI1YWJlOSJ9", "expire_date": "2020-09-09T03:07:34.243Z"}}, {"model": "sessions.session", "pk": "o83i67o22xo2zfa6dy5n71vx0m0pyf0t", "fields": {"session_data": "MzU0NWMyZjBmOTBiNWNkZGIxYzczNmU0ZjA0ZGI4Zjg4NWY1YzM2Zjp7InRyYWNraW5nX2lkIjoiYmE5MzEwZTY2ZTZiODRkYzBkN2Q2NzExZmE3ZTM4ZDRkZGE3MTA1OGQwM2FhOTAzMzljNzQ3YzJjZDQyOWNmNyJ9", "expire_date": "2020-09-08T04:35:59.605Z"}}, {"model": "sessions.session", "pk": "oausjbp9m3xlb4kjfzvaaprwe32kf0d8", "fields": {"session_data": "NjJmZjVhMDk2YWM2NzM5YWVmMDQ0OTZhZjgzZWU3NTllOTI0ODNmYTp7InRyYWNraW5nX2lkIjoiYTQwZTgzMjQwN2ZkNWQyMzBhM2MxMmE5ZjRiODE1OTk0ZmI3MzIwMWYyMzI2YTVkYTY1MThjMTc1YmU0Njk0MCJ9", "expire_date": "2020-09-09T03:37:49.801Z"}}, {"model": "sessions.session", "pk": "oxwevdfos90s3dfirw21j7mifwb6i1ls", "fields": {"session_data": "YzE4MjZjZWIzNDgzODkwZjFiZjliZGMyMGMyMjM2MzFmOTcwZjFkNDp7InRyYWNraW5nX2lkIjoiZjllYWRkNzE5ZGJmYjBkNjY1M2I2NGViZjM4MDRlNTJkZWI2YjAxNWU1MmQ0Yzg5MDZkMmNmNjFhODQ4MGI0NyJ9", "expire_date": "2020-09-08T23:10:52.937Z"}}, {"model": "sessions.session", "pk": "q5e35g63v2xseg1b7u0ov74u2psj8627", "fields": {"session_data": "MTgxYWE2NDVkYjQ0ZjYwNDViNjIxZjI5Y2UwMGYyN2I4YTllNGIwZjp7InRyYWNraW5nX2lkIjoiNzcyYmRlYjg5MWQwN2IyYTNmMDY1YmYxNTkyNDRmZmU1NzMyMDAzODg1YzRiMmRhZjA5MGIxODk0Nzc3Mzk2YyJ9", "expire_date": "2020-09-07T18:48:50.881Z"}}, {"model": "sessions.session", "pk": "ratxt1xzan0mzch8kmt2jje7tjiopt55", "fields": {"session_data": "YjVmZGUzYjcyYjRiMTEzZDM3Yjg0ZjliMTUxYTc1M2ZjYWRiZTdlMzp7InRyYWNraW5nX2lkIjoiOTI0ZTg3NzIwMWQ3NTc4YTNlOTcwYjJiM2ZmNDk2N2NjY2VmZTNhODA0ZmQxNjQ2MjBmYjMxMWU4NWUwM2IyNCJ9", "expire_date": "2020-09-07T18:40:45.854Z"}}, {"model": "sessions.session", "pk": "rmgpbdy1xdzepiq4sea6m1d3hnrs97cr", "fields": {"session_data": "NTU2OTQ3ZTMyMzIxNGMxYzIwYjI0Y2ZjZWZjODFlNjk1NDY1ZmY0Yjp7InRyYWNraW5nX2lkIjoiY2I3ZWE3MGY2YzkwZmI3ZTc5MDEzOTE1ZGU5YTVlYjAyMWM2YjJjOTk4NGFiNjFlZjAzNDc0NGMyODYyNjAxMyJ9", "expire_date": "2020-09-08T04:47:45.916Z"}}, {"model": "sessions.session", "pk": "s0rrhv7zhvcj6s7efvhrs1ij1m8yob6n", "fields": {"session_data": "ZWU1YzkxMDU3Y2NhOGM4NjgyYTQyNDAxYjI0Zjc5MmZjMjg0MTdhOTp7InRyYWNraW5nX2lkIjoiZTZjMWFkMjI4OTUyNWM0Nzg1YzdiN2NhNWUyOTcyNmI0MjM0N2E3YzhlMGQ2ZjM4Njk0ZGVhMGQzMjU0M2M3ZiJ9", "expire_date": "2020-09-07T18:38:40.432Z"}}, {"model": "sessions.session", "pk": "sctplpb5c71kufrja80pcufykyxm4d1g", "fields": {"session_data": "YzY3MTgxZWVjMTdhMzVlYjljNTBmMzJlZmYzYzkzMGNhZDQ5YzYyYjp7InRyYWNraW5nX2lkIjoiYzhkYzQwOTc0NDliMTEyZDU0YWFmMjkyY2EwOWI2NjI2MDg2MWZjMzhhYjg4MDE4MWI3NmFiYjIwZTZmMGU0ZSJ9", "expire_date": "2020-09-07T18:38:23.360Z"}}, {"model": "sessions.session", "pk": "sw3locxpzwb7zv9xw5bmc5mtjj9kdu2c", "fields": {"session_data": "YWU4ODVmMjcwMTIyMTdhZmU4YzI1YzgzOTNiYWM2MTU5ZTJmNTFmNTp7InRyYWNraW5nX2lkIjoiYzQyOTU0YWI4OWRhNmJhNWY0ZGFkYzIxZDRiODI0ZjUwMzgxZjJjZWExZmYwMWIwMzE2NDNhZWRiMzYzNjg3NSJ9", "expire_date": "2020-09-08T04:21:38.492Z"}}, {"model": "sessions.session", "pk": "t2kc9z08wo25v8d27hrccv4ieujpmrtn", "fields": {"session_data": "OWIzYTQ2YTA4ZTBiOWM5MTU4NWY5ZmQ4MjA3YjBlMDI1ZGViNWI0Mzp7InRyYWNraW5nX2lkIjoiMGE0NTFkYzVlMzI3YWIxZDQyMTc1YzViMmI1ZWQ3MTZkZmQwMzgyNGMyYWQ5MjIxY2Y3MDk5MTc5ZDM1OTZmZiJ9", "expire_date": "2020-09-07T18:47:00.452Z"}}, {"model": "sessions.session", "pk": "t4o7tn7xf5czwzdp12f3x8jqjsz8fv5y", "fields": {"session_data": "OWMxMTRiODZmYzk1MTkxOTg2N2NhNWQzNTI4ZmJiNjk4ZmU0YTEzNjp7InRyYWNraW5nX2lkIjoiMTNkMjc4MWQ2MmQ2NjdmOGUxZWY2ODYwOThlNzEwMTViYWIzNTNkZWY5ZDMyMTAyODNmMzQwMDczMDM1YjI5MSJ9", "expire_date": "2020-09-07T18:46:55.481Z"}}, {"model": "sessions.session", "pk": "tltup2lhlgb68zp6dp41mxgugswli1r6", "fields": {"session_data": "OTE1ZmVlZTM0Y2UwYzkwMTRjNzQ5YzIwMThiNDQ5MjUxMzg2NzYwZTp7InRyYWNraW5nX2lkIjoiNmE5ZjAxMmIzZWQ2YzA0Zjg1NzQwZjI4NzcwNzg2YzEwOWE1MzU4Nzg5ZWIyYzMyZDMxMWRmM2UzNTJiNjM0MCJ9", "expire_date": "2020-09-08T23:59:37.265Z"}}, {"model": "sessions.session", "pk": "u56gi34zz9jjr8r6hmxqsuy4acuubl4y", "fields": {"session_data": "ZDM4ZmViYTY5Y2MyYjA5MjY3Njk1ZGMxZjcwMzQ4ZGZhOGQ2NTA1Njp7InRyYWNraW5nX2lkIjoiZmNlZTVjY2Y1NzU5ZjAxODNkOWQxYWZjMGU4MzljZTMyNGQxNGVhNWMwZDBhMjQ3NTY4NjU3NDBjYjczMzM2OSJ9", "expire_date": "2020-09-07T18:40:46.352Z"}}, {"model": "sessions.session", "pk": "uipbcjrc76z9zh7gvprpvgibp275aocw", "fields": {"session_data": "NjRmMWYzYjcwODEyNGUwNWNjZjAxM2U0N2E3ZmM0NGVjOTQwNDhmOTp7InRyYWNraW5nX2lkIjoiNGVhMmM0ODFhOTczNmI2ZGFiYzRlZjhkYzNjY2Q3OTA5MGJjN2ZlOTY5Mzk2OWMzMmJjOGRjMjlmYjJhNjBjNSJ9", "expire_date": "2020-09-09T00:19:32.582Z"}}, {"model": "sessions.session", "pk": "v1uorcgzqk0jb0dtpyy8jzw9ivqraqxb", "fields": {"session_data": "ZGZlOTk0ZTViMzVmNDJiMGU1Y2QyZTMzNzJmMWYwYmIwNGU3ZTcyZDp7InRyYWNraW5nX2lkIjoiNGY2NWI3YjM0YTc1ZTdiYTFmYjg2NzQ4NjkwZmJjZjFlNTJiZmFhZGI0YThmODFhOWRlZmM0OTE0MDFmNjI0NiIsIl9hdXRoX3VzZXJfaWQiOiIxIiwiX2F1dGhfdXNlcl9iYWNrZW5kIjoiZGphbmdvLmNvbnRyaWIuYXV0aC5iYWNrZW5kcy5Nb2RlbEJhY2tlbmQiLCJfYXV0aF91c2VyX2hhc2giOiJjOGM4YTk1OTM4ODNjMWQwYmI2MDg4MGUwMjQ5MTU3NTU4YTk3MGUyIn0=", "expire_date": "2020-09-10T03:29:47.200Z"}}, {"model": "sessions.session", "pk": "w29mx8hb98e8a4dc4er24smnyn1rnvkt", "fields": {"session_data": "MGE5ODdlMzVjNzI4ODY2NmJiYzNhODFhNDI5ZjU1M2M1MWMwY2RmODp7InRyYWNraW5nX2lkIjoiOWJlMzY1MTEyNjc3NTJjZmYwM2I0NjcxNmM4Njc1NzMwMDkyZGNhN2FkN2VhY2YwZjBhMThiYzI2ZGExNzBjMiJ9", "expire_date": "2020-09-07T18:48:57.114Z"}}, {"model": "sessions.session", "pk": "wcl8gsn16xizy4ze7q6xg7nhnfciqobm", "fields": {"session_data": "NDAyNzBlYWM1ZDNjZmY2MmVjNjdlNTkzNTBhNDk2NjdkMmFhZTg5ODp7InRyYWNraW5nX2lkIjoiMmViYTMxMjQwZDBmMTcyNTMzODhlNjI4OGM1YmVjODU5NDdjYWVjYmY2ZjhlNDMzYjJkZDBkM2U2MmExMWVkMSJ9", "expire_date": "2020-09-08T04:41:24.249Z"}}, {"model": "sessions.session", "pk": "x2h85pl5n3mlt2iw41dh1bdzhhwg6786", "fields": {"session_data": "MTViZTBmNDdlNmRiNjg1ZWI2ZDkzODQwZjE4MWRiNDVlYzQyZTlhZjp7InRyYWNraW5nX2lkIjoiZTUwYjIxNzA1MDE1MDY1ZWJlMDVlNmM4Y2EzM2UxMTQzN2QwZjg0ZjI1YTVhZWUxMjdhYzJkOGYxYTdlNzQ2ZCJ9", "expire_date": "2020-09-07T18:49:48.065Z"}}, {"model": "sessions.session", "pk": "x8t2l50e2kpxlhknk6tarcuijyzkhilc", "fields": {"session_data": "MjdmYjU2NTBmZTdiYjUxOTdmYjQ0YmNmZjE2YmMyM2FlYzIyOTkwMTp7InRyYWNraW5nX2lkIjoiY2U1NTkyYmM4OTY1N2U5ZjdjOGJiZTc5ZGU3ZjEzMzRiMjRkMGRlZjMzNWZkMTlmODk1NDFhYWNlMjZiNmJmOSJ9", "expire_date": "2020-09-07T18:41:29.427Z"}}, {"model": "sessions.session", "pk": "xwic3ohts90xsxun0xg2tc4n5dqm3tzj", "fields": {"session_data": "YTMwMjAxNmUyZDI0ZmY3MGI4MzIyYjA2ODJlYzc5YWYxNGYxNzU2Zjp7InRyYWNraW5nX2lkIjoiYTY2NTRkZDljOTEyNDM5MTA3Mjc5MzZiZTZiMzQ0ZWM4ODI1YjBhNmNjOGI2OWNlZDU5MTk3ODZiYzI1NmUyYiJ9", "expire_date": "2020-09-07T18:48:43.489Z"}}, {"model": "sessions.session", "pk": "y46noxwh3asmzze504lqi21w57z57kx0", "fields": {"session_data": "NGE5MTE4ZTZjMGY1MzlkYWYyZGViYzcyOTI4MTlkYzQ2YTU5NTI2Yzp7InRyYWNraW5nX2lkIjoiNGFkNzNhZWE1NzQ4MmZkNWYzYTE0ZDNkNjNkYjBlYzIwY2IyNjAzZDBlODc2Y2IyMDE4MzY4NDZmMDE0MDY3NyJ9", "expire_date": "2020-09-07T18:50:13.063Z"}}, {"model": "sessions.session", "pk": "y4vkqq6cy9gm9lu3g0hgmuyg2truy8kr", "fields": {"session_data": "MjFiODA3NTljODUwZmNlM2VkZGQ4OWQxNTk0YWE1NDNmZjZhZWQ3MTp7InRyYWNraW5nX2lkIjoiYjg3ZmU4YzYwMDFhZmJjMmEzZTc5NTZjNDk0N2E2MGNjMDkxMjYyZTM1ODQ4NWE3MzEwN2Q3Nzk4ZTRmMGY3ZCJ9", "expire_date": "2020-09-07T18:40:55.970Z"}}, {"model": "sessions.session", "pk": "yalmnavgzi0r25w4u5950umpethuzvd1", "fields": {"session_data": "YjI2YTU5YmFiODViNDYzZjNkZWJjNTAwNDk3NzU4MDRmYzUwNmMxNzp7InRyYWNraW5nX2lkIjoiNDM4MWNmYzc2ZGIzNTZhYTJmY2FjYmM2NDIyYTdmZWQ4YjBkNmExZjM1MDRlYjVlMjFlNDM3ZDE4ZDFlMTMxYyJ9", "expire_date": "2020-09-08T23:37:11.787Z"}}, {"model": "sessions.session", "pk": "yls2a216kbgzho9obrsuidi73a8ykdj7", "fields": {"session_data": "MDczMmE5YzNjNzUwMWQxM2MyNmYyMWRmNzAwYzgyNjYxYTczMTAwMDp7InRyYWNraW5nX2lkIjoiYTQ1NDA3NGM4YTcxYmU4ZDA2NjViYWY1ZTYyNzVjZGVhMTcyYmNmZDNkZDEyZTgyNzkyOWFkMzJmY2VlNjk0NCJ9", "expire_date": "2020-09-08T04:35:22.086Z"}}, {"model": "sessions.session", "pk": "ysttyctkmomzy5bdy0prj3quoqtxvxzi", "fields": {"session_data": "NTZlM2I2YmJlMjE2YzkxMjNlMmE1OWU2ZjYwMTA1MTkyMWI1MjQ2Yzp7InRyYWNraW5nX2lkIjoiODgwZmNjZDM1M2M5NmRjMzZjYzg3MDkwNjY1YjJmZjk4Y2U2MDU5ZGY0ZDNiNTljY2Y2NjhjYzY0NDc4NTgxZSJ9", "expire_date": "2020-09-09T00:37:08.292Z"}}, {"model": "sessions.session", "pk": "zcl2qjv8x2qbw8q76qtd2mvrdffu00fb", "fields": {"session_data": "ODkyN2UyYTk2NTYwNDY5YWVhNzI5ZGY1YjQ0MWRjZTcyZGNlZjY5MDp7InRyYWNraW5nX2lkIjoiYWEwOWI4MGQ1MDRlYTIyYjZjNGRlMWRlYmM0ZWNkZTEyYzdkMzhiMDQyZmExMjFlMGI2ZTI0NWQzZjRlMjgzNiJ9", "expire_date": "2020-09-09T00:57:13.242Z"}}, {"model": "sessions.session", "pk": "zqvl3uaywo6u4n0ruqi1x4qghe8hinre", "fields": {"session_data": "ZjgwMzI4Yzc3NGEzYTEyMDlhNjNkOTBiOTQ3NDlmMGRkZDJlNmRlMzp7InRyYWNraW5nX2lkIjoiYjViMDJiMDIzN2UzOTIzMDAwZTc5Y2M1OTU4NGRjMWZmYTE4MGNmZGUwY2EwYzBiMTk3MjIwMjBlOGQ2YjlhYiJ9", "expire_date": "2020-09-09T01:03:41.922Z"}}, {"model": "sessions.session", "pk": "zx8cau29ok436nt0attpj764l7ohg0dd", "fields": {"session_data": "NjliODU0Y2YxODk4ZDY1Mjg3MjljMGExYzQyZWZhMjE4YmQzYWZlMjp7InRyYWNraW5nX2lkIjoiNTU0NWIwYzY4YzAwNTljNzk0ZTczZmQwZGRmY2YzMGQ3NGRjNmIwY2ZmNjM3NGEzOWMzODVjZjY5N2ExMzg0ZSJ9", "expire_date": "2020-09-09T01:07:10.757Z"}}, {"model": "sites.site", "pk": 1, "fields": {"domain": "example.com", "name": "example.com"}}, {"model": "categories.category", "pk": 1, "fields": {"category_name": "At", "slug": "art-craft", "description": "What would you love more? Get modern art from Africa and beyond", "is_active": true, "image": "images/category/beach-towel-in-wind_PqVAEax.jpg", "meta_keywords": "Art,3D,Design", "meta_description": "African Art and Craft and Designers work.", "created_at": "2020-06-22T16:13:45.964Z", "updated_at": "2020-08-20T16:10:43.102Z"}}, {"model": "categories.category", "pk": 2, "fields": {"category_name": "Fa", "slug": "fashion", "description": "Quality dresses at Affordable rates", "is_active": true, "image": "images/category/Denim_jeans.jpg", "meta_keywords": "Maasai, Shuka, kenyamaasai,kitenge,africankitenge", "meta_description": "African wear in kenya, Maasai community. Available for shipment at affordable prices", "created_at": "2020-06-22T16:44:23.817Z", "updated_at": "2020-08-20T16:14:30.199Z"}}, {"model": "categories.category", "pk": 3, "fields": {"category_name": "El", "slug": "electronics", "description": "Electronics", "is_active": true, "image": "images/category/electronics2_wzt2ZIi.png", "meta_keywords": "Electronics, cameras, phones", "meta_description": "Get cheap cameras today", "created_at": "2020-06-23T03:20:54.103Z", "updated_at": "2020-08-20T16:13:47.926Z"}}, {"model": "categories.category", "pk": 5, "fields": {"category_name": "Ca", "slug": "camera-photo", "description": "Get quality cameras", "is_active": true, "image": "images/category/electronics4.jpg", "meta_keywords": "Electronics, cameras, phones", "meta_description": "Get cheap Electronics", "created_at": "2020-06-23T20:03:48.402Z", "updated_at": "2020-08-20T16:12:08.725Z"}}, {"model": "categories.category", "pk": 12, "fields": {"category_name": "So", "slug": "gloceries", "description": "Get Local produce at affordable price", "is_active": true, "image": "images/category/Local6.jpg", "meta_keywords": "Fresh,Farm products, Gloceries,", "meta_description": "Fresh from the Farm products", "created_at": "2020-08-06T18:06:27.699Z", "updated_at": "2020-08-20T16:15:47.315Z"}}, {"model": "categories.category", "pk": 13, "fields": {"category_name": "Ca", "slug": "cellphones", "description": "Get phones from across the globe at affordable price", "is_active": true, "image": "images/category/electronics1.jpg", "meta_keywords": "Electronics, cameras, phones", "meta_description": "Get cheap Electronics", "created_at": "2020-08-06T18:06:27.813Z", "updated_at": "2020-08-20T16:13:18.822Z"}}, {"model": "categories.category", "pk": 14, "fields": {"category_name": "Wo", "slug": "womenfashion", "description": "Get nice lady outfit", "is_active": true, "image": "images/category/jumpstory.jpg", "meta_keywords": "women, women fashion, fashion, ladies wear", "meta_description": "African wear in kenya, Maasai community. Available for shipment at affordable prices", "created_at": "2020-08-06T18:08:27.414Z", "updated_at": "2020-08-20T16:17:32.644Z"}}, {"model": "auth.permission", "pk": 1, "fields": {"name": "Can add log entry", "content_type": 1, "codename": "add_logentry"}}, {"model": "auth.permission", "pk": 2, "fields": {"name": "Can change log entry", "content_type": 1, "codename": "change_logentry"}}, {"model": "auth.permission", "pk": 3, "fields": {"name": "Can delete log entry", "content_type": 1, "codename": "delete_logentry"}}, {"model": "auth.permission", "pk": 4, "fields": {"name": "Can view log entry", "content_type": 1, "codename": "view_logentry"}}, {"model": "auth.permission", "pk": 5, "fields": {"name": "Can add permission", "content_type": 2, "codename": "add_permission"}}, {"model": "auth.permission", "pk": 6, "fields": {"name": "Can change permission", "content_type": 2, "codename": "change_permission"}}, {"model": "auth.permission", "pk": 7, "fields": {"name": "Can delete permission", "content_type": 2, "codename": "delete_permission"}}, {"model": "auth.permission", "pk": 8, "fields": {"name": "Can view permission", "content_type": 2, "codename": "view_permission"}}, {"model": "auth.permission", "pk": 9, "fields": {"name": "Can add group", "content_type": 3, "codename": "add_group"}}, {"model": "auth.permission", "pk": 10, "fields": {"name": "Can change group", "content_type": 3, "codename": "change_group"}}, {"model": "auth.permission", "pk": 11, "fields": {"name": "Can delete group", "content_type": 3, "codename": "delete_group"}}, {"model": "auth.permission", "pk": 12, "fields": {"name": "Can view group", "content_type": 3, "codename": "view_group"}}, {"model": "auth.permission", "pk": 13, "fields": {"name": "Can add content type", "content_type": 4, "codename": "add_contenttype"}}, {"model": "auth.permission", "pk": 14, "fields": {"name": "Can change content type", "content_type": 4, "codename": "change_contenttype"}}, {"model": "auth.permission", "pk": 15, "fields": {"name": "Can delete content type", "content_type": 4, "codename": "delete_contenttype"}}, {"model": "auth.permission", "pk": 16, "fields": {"name": "Can view content type", "content_type": 4, "codename": "view_contenttype"}}, {"model": "auth.permission", "pk": 17, "fields": {"name": "Can add session", "content_type": 5, "codename": "add_session"}}, {"model": "auth.permission", "pk": 18, "fields": {"name": "Can change session", "content_type": 5, "codename": "change_session"}}, {"model": "auth.permission", "pk": 19, "fields": {"name": "Can delete session", "content_type": 5, "codename": "delete_session"}}, {"model": "auth.permission", "pk": 20, "fields": {"name": "Can view session", "content_type": 5, "codename": "view_session"}}, {"model": "auth.permission", "pk": 21, "fields": {"name": "Can add site", "content_type": 6, "codename": "add_site"}}, {"model": "auth.permission", "pk": 22, "fields": {"name": "Can change site", "content_type": 6, "codename": "change_site"}}, {"model": "auth.permission", "pk": 23, "fields": {"name": "Can delete site", "content_type": 6, "codename": "delete_site"}}, {"model": "auth.permission", "pk": 24, "fields": {"name": "Can view site", "content_type": 6, "codename": "view_site"}}, {"model": "auth.permission", "pk": 25, "fields": {"name": "Can add flat page", "content_type": 7, "codename": "add_flatpage"}}, {"model": "auth.permission", "pk": 26, "fields": {"name": "Can change flat page", "content_type": 7, "codename": "change_flatpage"}}, {"model": "auth.permission", "pk": 27, "fields": {"name": "Can delete flat page", "content_type": 7, "codename": "delete_flatpage"}}, {"model": "auth.permission", "pk": 28, "fields": {"name": "Can view flat page", "content_type": 7, "codename": "view_flatpage"}}, {"model": "auth.permission", "pk": 29, "fields": {"name": "Can add basket", "content_type": 8, "codename": "add_basket"}}, {"model": "auth.permission", "pk": 30, "fields": {"name": "Can change basket", "content_type": 8, "codename": "change_basket"}}, {"model": "auth.permission", "pk": 31, "fields": {"name": "Can delete basket", "content_type": 8, "codename": "delete_basket"}}, {"model": "auth.permission", "pk": 32, "fields": {"name": "Can view basket", "content_type": 8, "codename": "view_basket"}}, {"model": "auth.permission", "pk": 33, "fields": {"name": "Can add basket line", "content_type": 9, "codename": "add_basketline"}}, {"model": "auth.permission", "pk": 34, "fields": {"name": "Can change basket line", "content_type": 9, "codename": "change_basketline"}}, {"model": "auth.permission", "pk": 35, "fields": {"name": "Can delete basket line", "content_type": 9, "codename": "delete_basketline"}}, {"model": "auth.permission", "pk": 36, "fields": {"name": "Can view basket line", "content_type": 9, "codename": "view_basketline"}}, {"model": "auth.permission", "pk": 37, "fields": {"name": "Can add ma dere", "content_type": 10, "codename": "add_madere"}}, {"model": "auth.permission", "pk": 38, "fields": {"name": "Can change ma dere", "content_type": 10, "codename": "change_madere"}}, {"model": "auth.permission", "pk": 39, "fields": {"name": "Can delete ma dere", "content_type": 10, "codename": "delete_madere"}}, {"model": "auth.permission", "pk": 40, "fields": {"name": "Can view ma dere", "content_type": 10, "codename": "view_madere"}}, {"model": "auth.permission", "pk": 41, "fields": {"name": "Can add user", "content_type": 11, "codename": "add_user"}}, {"model": "auth.permission", "pk": 42, "fields": {"name": "Can change user", "content_type": 11, "codename": "change_user"}}, {"model": "auth.permission", "pk": 43, "fields": {"name": "Can delete user", "content_type": 11, "codename": "delete_user"}}, {"model": "auth.permission", "pk": 44, "fields": {"name": "Can view user", "content_type": 11, "codename": "view_user"}}, {"model": "auth.permission", "pk": 45, "fields": {"name": "Can add business information", "content_type": 12, "codename": "add_businessinformation"}}, {"model": "auth.permission", "pk": 46, "fields": {"name": "Can change business information", "content_type": 12, "codename": "change_businessinformation"}}, {"model": "auth.permission", "pk": 47, "fields": {"name": "Can delete business information", "content_type": 12, "codename": "delete_businessinformation"}}, {"model": "auth.permission", "pk": 48, "fields": {"name": "Can view business information", "content_type": 12, "codename": "view_businessinformation"}}, {"model": "auth.permission", "pk": 49, "fields": {"name": "Can add seller_ profile", "content_type": 13, "codename": "add_seller_profile"}}, {"model": "auth.permission", "pk": 50, "fields": {"name": "Can change seller_ profile", "content_type": 13, "codename": "change_seller_profile"}}, {"model": "auth.permission", "pk": 51, "fields": {"name": "Can delete seller_ profile", "content_type": 13, "codename": "delete_seller_profile"}}, {"model": "auth.permission", "pk": 52, "fields": {"name": "Can view seller_ profile", "content_type": 13, "codename": "view_seller_profile"}}, {"model": "auth.permission", "pk": 53, "fields": {"name": "Can add profile", "content_type": 14, "codename": "add_profile"}}, {"model": "auth.permission", "pk": 54, "fields": {"name": "Can change profile", "content_type": 14, "codename": "change_profile"}}, {"model": "auth.permission", "pk": 55, "fields": {"name": "Can delete profile", "content_type": 14, "codename": "delete_profile"}}, {"model": "auth.permission", "pk": 56, "fields": {"name": "Can view profile", "content_type": 14, "codename": "view_profile"}}, {"model": "auth.permission", "pk": 57, "fields": {"name": "Can add category", "content_type": 15, "codename": "add_category"}}, {"model": "auth.permission", "pk": 58, "fields": {"name": "Can change category", "content_type": 15, "codename": "change_category"}}, {"model": "auth.permission", "pk": 59, "fields": {"name": "Can delete category", "content_type": 15, "codename": "delete_category"}}, {"model": "auth.permission", "pk": 60, "fields": {"name": "Can view category", "content_type": 15, "codename": "view_category"}}, {"model": "auth.permission", "pk": 61, "fields": {"name": "Can add address", "content_type": 16, "codename": "add_address"}}, {"model": "auth.permission", "pk": 62, "fields": {"name": "Can change address", "content_type": 16, "codename": "change_address"}}, {"model": "auth.permission", "pk": 63, "fields": {"name": "Can delete address", "content_type": 16, "codename": "delete_address"}}, {"model": "auth.permission", "pk": 64, "fields": {"name": "Can view address", "content_type": 16, "codename": "view_address"}}, {"model": "auth.permission", "pk": 65, "fields": {"name": "Can add coupon", "content_type": 17, "codename": "add_coupon"}}, {"model": "auth.permission", "pk": 66, "fields": {"name": "Can change coupon", "content_type": 17, "codename": "change_coupon"}}, {"model": "auth.permission", "pk": 67, "fields": {"name": "Can delete coupon", "content_type": 17, "codename": "delete_coupon"}}, {"model": "auth.permission", "pk": 68, "fields": {"name": "Can view coupon", "content_type": 17, "codename": "view_coupon"}}, {"model": "auth.permission", "pk": 69, "fields": {"name": "Can add order", "content_type": 18, "codename": "add_order"}}, {"model": "auth.permission", "pk": 70, "fields": {"name": "Can change order", "content_type": 18, "codename": "change_order"}}, {"model": "auth.permission", "pk": 71, "fields": {"name": "Can delete order", "content_type": 18, "codename": "delete_order"}}, {"model": "auth.permission", "pk": 72, "fields": {"name": "Can view order", "content_type": 18, "codename": "view_order"}}, {"model": "auth.permission", "pk": 73, "fields": {"name": "Can add order item", "content_type": 19, "codename": "add_orderitem"}}, {"model": "auth.permission", "pk": 74, "fields": {"name": "Can change order item", "content_type": 19, "codename": "change_orderitem"}}, {"model": "auth.permission", "pk": 75, "fields": {"name": "Can delete order item", "content_type": 19, "codename": "delete_orderitem"}}, {"model": "auth.permission", "pk": 76, "fields": {"name": "Can view order item", "content_type": 19, "codename": "view_orderitem"}}, {"model": "auth.permission", "pk": 77, "fields": {"name": "Can add product", "content_type": 20, "codename": "add_product"}}, {"model": "auth.permission", "pk": 78, "fields": {"name": "Can change product", "content_type": 20, "codename": "change_product"}}, {"model": "auth.permission", "pk": 79, "fields": {"name": "Can delete product", "content_type": 20, "codename": "delete_product"}}, {"model": "auth.permission", "pk": 80, "fields": {"name": "Can view product", "content_type": 20, "codename": "view_product"}}, {"model": "auth.permission", "pk": 81, "fields": {"name": "Can add product image", "content_type": 21, "codename": "add_productimage"}}, {"model": "auth.permission", "pk": 82, "fields": {"name": "Can change product image", "content_type": 21, "codename": "change_productimage"}}, {"model": "auth.permission", "pk": 83, "fields": {"name": "Can delete product image", "content_type": 21, "codename": "delete_productimage"}}, {"model": "auth.permission", "pk": 84, "fields": {"name": "Can view product image", "content_type": 21, "codename": "view_productimage"}}, {"model": "auth.permission", "pk": 85, "fields": {"name": "Can add product review", "content_type": 22, "codename": "add_productreview"}}, {"model": "auth.permission", "pk": 86, "fields": {"name": "Can change product review", "content_type": 22, "codename": "change_productreview"}}, {"model": "auth.permission", "pk": 87, "fields": {"name": "Can delete product review", "content_type": 22, "codename": "delete_productreview"}}, {"model": "auth.permission", "pk": 88, "fields": {"name": "Can view product review", "content_type": 22, "codename": "view_productreview"}}, {"model": "auth.permission", "pk": 89, "fields": {"name": "Can add request refund", "content_type": 23, "codename": "add_requestrefund"}}, {"model": "auth.permission", "pk": 90, "fields": {"name": "Can change request refund", "content_type": 23, "codename": "change_requestrefund"}}, {"model": "auth.permission", "pk": 91, "fields": {"name": "Can delete request refund", "content_type": 23, "codename": "delete_requestrefund"}}, {"model": "auth.permission", "pk": 92, "fields": {"name": "Can view request refund", "content_type": 23, "codename": "view_requestrefund"}}, {"model": "auth.permission", "pk": 93, "fields": {"name": "Can add stripe payment", "content_type": 24, "codename": "add_stripepayment"}}, {"model": "auth.permission", "pk": 94, "fields": {"name": "Can change stripe payment", "content_type": 24, "codename": "change_stripepayment"}}, {"model": "auth.permission", "pk": 95, "fields": {"name": "Can delete stripe payment", "content_type": 24, "codename": "delete_stripepayment"}}, {"model": "auth.permission", "pk": 96, "fields": {"name": "Can view stripe payment", "content_type": 24, "codename": "view_stripepayment"}}, {"model": "auth.permission", "pk": 97, "fields": {"name": "Can add search term", "content_type": 25, "codename": "add_searchterm"}}, {"model": "auth.permission", "pk": 98, "fields": {"name": "Can change search term", "content_type": 25, "codename": "change_searchterm"}}, {"model": "auth.permission", "pk": 99, "fields": {"name": "Can delete search term", "content_type": 25, "codename": "delete_searchterm"}}, {"model": "auth.permission", "pk": 100, "fields": {"name": "Can view search term", "content_type": 25, "codename": "view_searchterm"}}, {"model": "auth.permission", "pk": 101, "fields": {"name": "Can add product view", "content_type": 26, "codename": "add_productview"}}, {"model": "auth.permission", "pk": 102, "fields": {"name": "Can change product view", "content_type": 26, "codename": "change_productview"}}, {"model": "auth.permission", "pk": 103, "fields": {"name": "Can delete product view", "content_type": 26, "codename": "delete_productview"}}, {"model": "auth.permission", "pk": 104, "fields": {"name": "Can view product view", "content_type": 26, "codename": "view_productview"}}, {"model": "auth.permission", "pk": 105, "fields": {"name": "Can add tag", "content_type": 27, "codename": "add_tag"}}, {"model": "auth.permission", "pk": 106, "fields": {"name": "Can change tag", "content_type": 27, "codename": "change_tag"}}, {"model": "auth.permission", "pk": 107, "fields": {"name": "Can delete tag", "content_type": 27, "codename": "delete_tag"}}, {"model": "auth.permission", "pk": 108, "fields": {"name": "Can view tag", "content_type": 27, "codename": "view_tag"}}, {"model": "auth.permission", "pk": 109, "fields": {"name": "Can add tagged item", "content_type": 28, "codename": "add_taggeditem"}}, {"model": "auth.permission", "pk": 110, "fields": {"name": "Can change tagged item", "content_type": 28, "codename": "change_taggeditem"}}, {"model": "auth.permission", "pk": 111, "fields": {"name": "Can delete tagged item", "content_type": 28, "codename": "delete_taggeditem"}}, {"model": "auth.permission", "pk": 112, "fields": {"name": "Can view tagged item", "content_type": 28, "codename": "view_taggeditem"}}, {"model": "auth.permission", "pk": 113, "fields": {"name": "Can add sellers", "content_type": 29, "codename": "add_sellers"}}, {"model": "auth.permission", "pk": 114, "fields": {"name": "Can change sellers", "content_type": 29, "codename": "change_sellers"}}, {"model": "auth.permission", "pk": 115, "fields": {"name": "Can delete sellers", "content_type": 29, "codename": "delete_sellers"}}, {"model": "auth.permission", "pk": 116, "fields": {"name": "Can view sellers", "content_type": 29, "codename": "view_sellers"}}, {"model": "auth.permission", "pk": 117, "fields": {"name": "Can add business information", "content_type": 30, "codename": "add_businessinformation"}}, {"model": "auth.permission", "pk": 118, "fields": {"name": "Can change business information", "content_type": 30, "codename": "change_businessinformation"}}, {"model": "auth.permission", "pk": 119, "fields": {"name": "Can delete business information", "content_type": 30, "codename": "delete_businessinformation"}}, {"model": "auth.permission", "pk": 120, "fields": {"name": "Can view business information", "content_type": 30, "codename": "view_businessinformation"}}, {"model": "auth.permission", "pk": 121, "fields": {"name": "Can add Token", "content_type": 31, "codename": "add_token"}}, {"model": "auth.permission", "pk": 122, "fields": {"name": "Can change Token", "content_type": 31, "codename": "change_token"}}, {"model": "auth.permission", "pk": 123, "fields": {"name": "Can delete Token", "content_type": 31, "codename": "delete_token"}}, {"model": "auth.permission", "pk": 124, "fields": {"name": "Can view Token", "content_type": 31, "codename": "view_token"}}, {"model": "auth.group", "pk": 1, "fields": {"name": "Employees", "permissions": [57, 58, 60, 64, 66, 68, 70, 72, 74, 76, 77, 78, 79, 80, 81, 82, 83, 84, 88, 90, 92, 96, 97, 98, 99, 100, 105, 106, 107, 108, 109, 110, 111, 112, 56, 49, 50, 52, 41, 44]}}, {"model": "auth.group", "pk": 2, "fields": {"name": "Dispatchers", "permissions": [60, 61, 64, 70, 72, 74, 76, 80, 84, 92]}}, {"model": "users.user", "pk": 1, "fields": {"password": "pbkdf2_sha256$180000$41aAajOb32bu$J05kMSQ6JbMn6HLik6ubmOA7IpzGRdCdUK6PRm1VbUI=", "last_login": "2020-08-27T03:29:47.102Z", "is_superuser": true, "first_name": "", "last_name": "", "is_staff": true, "is_active": true, "date_joined": "2020-08-01T04:56:02.773Z", "username": "Danny Max", "email": "danielmakori0@gmail.com", "groups": [], "user_permissions": []}}, {"model": "users.user", "pk": 2, "fields": {"password": "pbkdf2_sha256$180000$jf1pspAkEohB$2utZu2eAjPlxBjY54TgBhFsF7kI+UEgvpG7sHpLbFsM=", "last_login": "2020-08-26T03:05:40.959Z", "is_superuser": true, "first_name": "", "last_name": "", "is_staff": true, "is_active": true, "date_joined": "2020-08-01T05:00:14Z", "username": "Ogechi", "email": "dmakori28@gmail.com", "groups": [], "user_permissions": []}}, {"model": "users.user", "pk": 3, "fields": {"password": "pbkdf2_sha256$180000$daTMrtEVQttf$QkbuD+DJZ4jOMhX7X+JTac3yb7XZC3/TNVebw6hS+k4=", "last_login": "2020-08-18T07:42:17.004Z", "is_superuser": false, "first_name": "", "last_name": "", "is_staff": false, "is_active": true, "date_joined": "2020-08-01T12:27:55.813Z", "username": "jacy", "email": "jacyboss@gmail.com", "groups": [], "user_permissions": []}}, {"model": "users.user", "pk": 4, "fields": {"password": "pbkdf2_sha256$180000$daTMrtEVQttf$QkbuD+DJZ4jOMhX7X+JTac3yb7XZC3/TNVebw6hS+k4=", "last_login": "2020-08-08T04:12:48.328Z", "is_superuser": false, "first_name": "", "last_name": "", "is_staff": false, "is_active": true, "date_joined": "2020-08-01T12:27:55.813Z", "username": "danny", "email": "dd@gmail.com", "groups": [], "user_permissions": []}}, {"model": "users.user", "pk": 5, "fields": {"password": "pbkdf2_sha256$180000$8FAnw0koKXwZ$GdlEa3H8AxtyOLr1ONfhMzpVKyT7xpZDix5mkTOPdC8=", "last_login": "2020-08-25T00:38:56.092Z", "is_superuser": false, "first_name": "", "last_name": "", "is_staff": true, "is_active": true, "date_joined": "2020-08-14T06:22:36Z", "username": "DADDY", "email": "daddy@gmail.com", "groups": [1], "user_permissions": []}}, {"model": "users.user", "pk": 6, "fields": {"password": "pbkdf2_sha256$180000$v0HIY2mIoFHt$J5YQomCReCs6ZwWvis2MhGccOIEQ1F7y0ZLl2hix/N0=", "last_login": "2020-08-14T06:41:01.027Z", "is_superuser": false, "first_name": "", "last_name": "", "is_staff": false, "is_active": true, "date_joined": "2020-08-14T06:40:54.333Z", "username": "mwiti", "email": "mwiti@gmail.com", "groups": [], "user_permissions": []}}, {"model": "users.user", "pk": 7, "fields": {"password": "pbkdf2_sha256$180000$FVUNYhiGSMTu$rWCGsxnyqXXhbWi1XJdiUiu1hVinThdavtSa/wOxSOI=", "last_login": "2020-08-14T07:29:39.761Z", "is_superuser": false, "first_name": "", "last_name": "", "is_staff": false, "is_active": true, "date_joined": "2020-08-14T07:28:21.957Z", "username": "devine", "email": "devine@gmail.com", "groups": [], "user_permissions": []}}, {"model": "users.profile", "pk": 20, "fields": {"user": 1, "image": "images/profile_pics/electronics4.jpg", "phone": null}}, {"model": "users.profile", "pk": 21, "fields": {"user": 2, "image": "default.svg", "phone": null}}, {"model": "users.profile", "pk": 22, "fields": {"user": 3, "image": "default.svg", "phone": null}}, {"model": "users.profile", "pk": 23, "fields": {"user": 4, "image": "default.svg", "phone": null}}, {"model": "users.profile", "pk": 24, "fields": {"user": 5, "image": "default.svg", "phone": null}}, {"model": "users.profile", "pk": 25, "fields": {"user": 6, "image": "default.svg", "phone": null}}, {"model": "users.profile", "pk": 26, "fields": {"user": 7, "image": "default.svg", "phone": null}}, {"model": "me2ushop.product", "pk": 3, "fields": {"title": "Denim", "seller": 1, "slug": "denim", "brand": "Gloceries & Vegetables", "stock": 200, "in_stock": true, "price": "200.00", "discount_price": "0.00", "made_in_africa": false, "is_active": true, "is_bestseller": true, "is_featured": true, "description": "jhk", "additional_information": "", "meta_keywords": "Fresh,Farm products, Gloceries,", "meta_description": "Get cheap Electronics", "created_at": "2020-08-18T04:27:55.182Z", "updated_at": "2020-08-18T07:08:28.210Z", "category_choice": "Fa", "label": null, "product_categories": [13]}}, {"model": "me2ushop.product", "pk": 4, "fields": {"title": "Matoke", "seller": 1, "slug": "matoke", "brand": "Makori Store", "stock": 0, "in_stock": true, "price": "200.00", "discount_price": "0.00", "made_in_africa": false, "is_active": true, "is_bestseller": true, "is_featured": true, "description": "Produced in africa", "additional_information": "", "meta_keywords": "matoke", "meta_description": "Fresh from the Farm products", "created_at": "2020-08-18T05:43:34.144Z", "updated_at": "2020-08-18T07:08:04.997Z", "category_choice": "So", "label": null, "product_categories": [12]}}, {"model": "me2ushop.product", "pk": 5, "fields": {"title": "Farm Vegetables", "seller": 2, "slug": "farm", "brand": "Jeans Wear", "stock": 0, "in_stock": true, "price": "600.00", "discount_price": "0.00", "made_in_africa": true, "is_active": true, "is_bestseller": true, "is_featured": true, "description": "jhjj", "additional_information": "", "meta_keywords": "Electronics, cameras, phones", "meta_description": "Get cheap Electronics", "created_at": "2020-08-18T07:06:47.828Z", "updated_at": "2020-08-18T07:07:47.590Z", "category_choice": "Fu", "label": null, "product_categories": [13]}}, {"model": "me2ushop.product", "pk": 6, "fields": {"title": "Beach Towel", "seller": 2, "slug": "beach-towel", "brand": "Jeans Wear", "stock": 5, "in_stock": true, "price": "522.00", "discount_price": "0.00", "made_in_africa": false, "is_active": true, "is_bestseller": false, "is_featured": false, "description": "jhjhk", "additional_information": "", "meta_keywords": "Maasai, Shuka, kenyamaasai,kitenge,africankitenge", "meta_description": "Get Denims at affordable price", "created_at": "2020-08-18T15:12:57.647Z", "updated_at": "2020-08-20T19:59:18.097Z", "category_choice": "Ca", "label": null, "product_categories": [1]}}, {"model": "me2ushop.productimage", "pk": 7, "fields": {"item": 5, "image": "images/products/LocalFarm_gyQAOOx.jpg", "in_display": true}}, {"model": "me2ushop.productimage", "pk": 8, "fields": {"item": 6, "image": "images/products/beach-towel-in-wind_RLSqUMz.jpg", "in_display": true}}, {"model": "me2ushop.productimage", "pk": 10, "fields": {"item": 4, "image": "images/products/electronics3.jpg", "in_display": true}}, {"model": "me2ushop.productimage", "pk": 11, "fields": {"item": 3, "image": "images/products/electronics1.jpg", "in_display": true}}, {"model": "me2ushop.orderitem", "pk": 16, "fields": {"user": 2, "cart_id": null, "date_added": "2020-08-19T16:31:18.436Z", "date_ordered": "2020-08-19T16:43:31.209Z", "status": 30, "ordered": true, "item": 3, "quantity": 1}}, {"model": "me2ushop.orderitem", "pk": 17, "fields": {"user": 5, "cart_id": null, "date_added": "2020-08-19T16:55:41.660Z", "date_ordered": "2020-08-19T17:09:14.444Z", "status": 10, "ordered": false, "item": 4, "quantity": 11}}, {"model": "me2ushop.orderitem", "pk": 50, "fields": {"user": 5, "cart_id": null, "date_added": "2020-08-24T15:24:27.617Z", "date_ordered": "2020-08-24T16:08:35.477Z", "status": 10, "ordered": false, "item": 3, "quantity": 5}}, {"model": "me2ushop.orderitem", "pk": 51, "fields": {"user": 1, "cart_id": null, "date_added": "2020-08-26T01:50:23.982Z", "date_ordered": "2020-08-26T01:50:24.397Z", "status": 10, "ordered": false, "item": 5, "quantity": 1}}, {"model": "me2ushop.orderitem", "pk": 52, "fields": {"user": 1, "cart_id": null, "date_added": "2020-08-27T23:44:50.509Z", "date_ordered": "2020-08-27T23:44:50.739Z", "status": 10, "ordered": false, "item": 3, "quantity": 1}}, {"model": "me2ushop.order", "pk": 12, "fields": {"user": 5, "cart_id": null, "status": 10, "ref_code": "", "start_date": "2020-08-19T16:55:41.720Z", "order_date": "2020-08-26T17:08:41.423Z", "ordered": false, "payment": null, "coupon": null, "being_delivered": false, "received": false, "refund_requested": false, "refund_granted": false, "email": null, "phone": null, "name": null, "billing_address1": "", "billing_address2": "", "billing_zip_code": "", "billing_country": "", "billing_city": null, "shipping_address1": "", "shipping_address2": "", "shipping_zip_code": "", "shipping_country": "", "shipping_city": null, "last_spoken_to": 2, "items": [50, 17]}}, {"model": "me2ushop.order", "pk": 45, "fields": {"user": 1, "cart_id": null, "status": 10, "ref_code": "", "start_date": "2020-08-26T01:50:24.090Z", "order_date": "2020-08-26T01:50:24.090Z", "ordered": false, "payment": null, "coupon": null, "being_delivered": false, "received": false, "refund_requested": false, "refund_granted": false, "email": null, "phone": null, "name": null, "billing_address1": "", "billing_address2": "", "billing_zip_code": "", "billing_country": "", "billing_city": null, "shipping_address1": "", "shipping_address2": "", "shipping_zip_code": "", "shipping_country": "", "shipping_city": null, "last_spoken_to": null, "items": [52, 51]}}, {"model": "me2ushop.address", "pk": 1, "fields": {"user": 2, "cart_id": null, "street_address": "UpperHill", "apartment_address": "", "country": "KE", "city": "", "zip": "75104", "address_type": "S", "payment_option": "", "default": true, "name": "Daniel Ogechi", "email": "danielmakori0@gmail.com", "phone": "0738109428", "date_updated": "2020-08-15T00:30:26.510Z"}}, {"model": "me2ushop.address", "pk": 2, "fields": {"user": 2, "cart_id": null, "street_address": "kg 7 ave( qiang brother chinese restaurant)", "apartment_address": "Hospital Road", "country": "RW", "city": "Kigali", "zip": "0424", "address_type": "B", "payment_option": "", "default": true, "name": "Daniel Ogechi", "email": "danielmakori0@gmail.com", "phone": "+250738109428", "date_updated": "2020-08-15T00:30:26.635Z"}}, {"model": "me2ushop.address", "pk": 3, "fields": {"user": 5, "cart_id": null, "street_address": "kg 7 ave( qiang brother chinese restaurant)", "apartment_address": "Hospital Road", "country": "RW", "city": "Kigali", "zip": "0424", "address_type": "S", "payment_option": "", "default": true, "name": "Daniel Ogechi", "email": "danielmakori0@gmail.com", "phone": "+250738109428", "date_updated": "2020-08-18T14:52:34.620Z"}}, {"model": "me2ushop.address", "pk": 4, "fields": {"user": 5, "cart_id": null, "street_address": "kg 7 ave( qiang brother chinese restaurant)", "apartment_address": "Hospital Road", "country": "RW", "city": "Kigali", "zip": "0424", "address_type": "B", "payment_option": "", "default": false, "name": "Daniel Ogechi", "email": "danielmakori0@gmail.com", "phone": "+250738109428", "date_updated": "2020-08-18T14:52:50.879Z"}}, {"model": "me2ushop.address", "pk": 5, "fields": {"user": null, "cart_id": 22, "street_address": "kg 7 ave( qiang brother chinese restaurant)", "apartment_address": "", "country": "RW", "city": "", "zip": "0424", "address_type": "S", "payment_option": "", "default": false, "name": "Dmax", "email": "danielmakori0@gmail.com", "phone": "+250738109428", "date_updated": "2020-08-18T21:24:07.654Z"}}, {"model": "me2ushop.address", "pk": 6, "fields": {"user": null, "cart_id": 22, "street_address": "kg 7 ave( qiang brother chinese restaurant)", "apartment_address": "", "country": "RW", "city": "", "zip": "0424", "address_type": "B", "payment_option": "", "default": false, "name": "Dmax", "email": "danielmakori0@gmail.com", "phone": "+250738109428", "date_updated": "2020-08-18T21:24:07.738Z"}}, {"model": "me2ushop.address", "pk": 7, "fields": {"user": null, "cart_id": 23, "street_address": "UpperHill", "apartment_address": "", "country": "KE", "city": "", "zip": "75104", "address_type": "S", "payment_option": "", "default": false, "name": "Daniel Ogechi", "email": "danielmakori0@gmail.com", "phone": "0738109428", "date_updated": "2020-08-19T01:50:46.265Z"}}, {"model": "me2ushop.address", "pk": 8, "fields": {"user": null, "cart_id": 23, "street_address": "UpperHill", "apartment_address": "", "country": "KE", "city": "", "zip": "75104", "address_type": "B", "payment_option": "", "default": false, "name": "Daniel Ogechi", "email": "danielmakori0@gmail.com", "phone": "0738109428", "date_updated": "2020-08-19T01:50:46.403Z"}}, {"model": "me2ushop.address", "pk": 9, "fields": {"user": 2, "cart_id": null, "street_address": "UpperHill", "apartment_address": "", "country": "KE", "city": "", "zip": "75104", "address_type": "B", "payment_option": "", "default": false, "name": "Daniel Ogechi", "email": "danielmakori0@gmail.com", "phone": "0738109428", "date_updated": "2020-08-19T16:31:57.522Z"}}, {"model": "me2ushop.stripepayment", "pk": 1, "fields": {"user": 2, "cart_id": null, "stripe_charge_id": "ch_1HGDIMJ8hLznEzSP24gCOnVB", "amount": "21000.00", "timestamp": "2020-08-15T00:30:50.782Z"}}, {"model": "me2ushop.stripepayment", "pk": 2, "fields": {"user": null, "cart_id": 23, "stripe_charge_id": "ch_1HHgSGJ8hLznEzSPvBoNtqHz", "amount": "240000.00", "timestamp": "2020-08-19T01:51:08.883Z"}}, {"model": "me2ushop.stripepayment", "pk": 3, "fields": {"user": null, "cart_id": 23, "stripe_charge_id": "ch_1HHgSGJ8hLznEzSP3DmMpw9D", "amount": "240000.00", "timestamp": "2020-08-19T01:51:08.884Z"}}, {"model": "search.searchterm", "pk": 1, "fields": {"q": "matoke", "search_date": "2020-08-16T08:06:46.239Z", "ip_address": "127.0.0.1", "user": 2, "tracking_id": "f3fed6b8420f72bc51e50adc115000e2bf2b0fabe7e9a5337e6a98f26e46a767"}}, {"model": "search.searchterm", "pk": 2, "fields": {"q": "vegetables", "search_date": "2020-08-16T08:14:35.497Z", "ip_address": "127.0.0.1", "user": 2, "tracking_id": "f3fed6b8420f72bc51e50adc115000e2bf2b0fabe7e9a5337e6a98f26e46a767"}}, {"model": "search.searchterm", "pk": 3, "fields": {"q": "beach huawei", "search_date": "2020-08-18T21:23:19.991Z", "ip_address": "127.0.0.1", "user": null, "tracking_id": "a60e0fa66f4c19806a4b8dad2bb82345a9702ed6debe8acad77fbbbbf18998c1"}}, {"model": "stats.productview", "pk": 6, "fields": {"date": "2020-08-18T04:27:55.451Z", "ip_address": "127.0.0.1", "user": 1, "tracking_id": "38fced0df0876f61076326a3eed40388f76a4f57e0c76581aa521b6558528173", "valid_tracker": false, "product": 3}}, {"model": "stats.productview", "pk": 7, "fields": {"date": "2020-08-18T05:43:34.456Z", "ip_address": "127.0.0.1", "user": 1, "tracking_id": "38fced0df0876f61076326a3eed40388f76a4f57e0c76581aa521b6558528173", "valid_tracker": false, "product": 4}}, {"model": "stats.productview", "pk": 9, "fields": {"date": "2020-08-18T06:43:52.090Z", "ip_address": "127.0.0.1", "user": 1, "tracking_id": "388edee347d0629ba4485b2b6afcb29b7082fb0b8df4adeb5c0e11ba6dcde70f", "valid_tracker": false, "product": 4}}, {"model": "stats.productview", "pk": 10, "fields": {"date": "2020-08-18T07:06:48.129Z", "ip_address": "127.0.0.1", "user": 2, "tracking_id": "df4973e2e681648af9459f88de10bab7006f3933009a88dbfa2057a4ee079acf", "valid_tracker": false, "product": 5}}, {"model": "stats.productview", "pk": 11, "fields": {"date": "2020-08-18T07:09:59.242Z", "ip_address": "127.0.0.1", "user": 5, "tracking_id": "11b62913a4bc94ee1453f2af6ae626df7035ae08970cc49f505e650539f16d62", "valid_tracker": false, "product": 5}}, {"model": "stats.productview", "pk": 12, "fields": {"date": "2020-08-18T07:10:19.711Z", "ip_address": "127.0.0.1", "user": 5, "tracking_id": "11b62913a4bc94ee1453f2af6ae626df7035ae08970cc49f505e650539f16d62", "valid_tracker": false, "product": 4}}, {"model": "stats.productview", "pk": 13, "fields": {"date": "2020-08-18T07:10:58.012Z", "ip_address": "127.0.0.1", "user": 5, "tracking_id": "11b62913a4bc94ee1453f2af6ae626df7035ae08970cc49f505e650539f16d62", "valid_tracker": false, "product": 3}}, {"model": "stats.productview", "pk": 15, "fields": {"date": "2020-08-18T07:11:36.184Z", "ip_address": "127.0.0.1", "user": 1, "tracking_id": "0a05f6ef40f3dcc9ea2b8164905f217333ea7aa991a8e52c1067de189633850d", "valid_tracker": false, "product": 5}}, {"model": "stats.productview", "pk": 16, "fields": {"date": "2020-08-18T07:29:13.470Z", "ip_address": "127.0.0.1", "user": 2, "tracking_id": "f2e9a6d84ef2f0a9e9edba2675ff736ba138906fd2b4e98d1d86e896518042b3", "valid_tracker": false, "product": 5}}, {"model": "stats.productview", "pk": 17, "fields": {"date": "2020-08-18T07:41:39.656Z", "ip_address": "127.0.0.1", "user": 3, "tracking_id": "090c16623b418d1b06be7aae5ee636c0dc6e07f2741192cecaa02e4e5057ff61", "valid_tracker": false, "product": 5}}, {"model": "stats.productview", "pk": 18, "fields": {"date": "2020-08-18T07:41:55.275Z", "ip_address": "127.0.0.1", "user": 3, "tracking_id": "090c16623b418d1b06be7aae5ee636c0dc6e07f2741192cecaa02e4e5057ff61", "valid_tracker": false, "product": 3}}, {"model": "stats.productview", "pk": 19, "fields": {"date": "2020-08-18T14:51:43.718Z", "ip_address": "127.0.0.1", "user": 5, "tracking_id": "f115725c132ae6b2c62b715607fa58af0bf4ddaba700ecc7e7861c24c4ba7562", "valid_tracker": false, "product": 3}}, {"model": "stats.productview", "pk": 20, "fields": {"date": "2020-08-18T14:56:56.253Z", "ip_address": "127.0.0.1", "user": 1, "tracking_id": "3b33188de940f046183c4d0c82568e1bec76aafa87b86e03c3480b44eacbfadf", "valid_tracker": false, "product": 4}}, {"model": "stats.productview", "pk": 21, "fields": {"date": "2020-08-18T15:12:58.010Z", "ip_address": "127.0.0.1", "user": 2, "tracking_id": "8f8bad5f05dbbd062ab02c1e088cf704bc4d8c1df0855c696f662591785e40df", "valid_tracker": false, "product": 6}}, {"model": "stats.productview", "pk": 22, "fields": {"date": "2020-08-18T21:23:23.236Z", "ip_address": "127.0.0.1", "user": 2, "tracking_id": "a60e0fa66f4c19806a4b8dad2bb82345a9702ed6debe8acad77fbbbbf18998c1", "valid_tracker": false, "product": 6}}, {"model": "stats.productview", "pk": 23, "fields": {"date": "2020-08-19T01:50:06.083Z", "ip_address": "127.0.0.1", "user": 2, "tracking_id": "24e4753434f495eb4ae60080a6fcbf23c321cece377e65af4df5d3314c0ad3bb", "valid_tracker": false, "product": 3}}, {"model": "stats.productview", "pk": 24, "fields": {"date": "2020-08-19T16:31:13.189Z", "ip_address": "127.0.0.1", "user": 2, "tracking_id": "cc007f36d833e612e63b9660c3c23f16731f6e3b8a963c1a55c59d43ee02623d", "valid_tracker": false, "product": 3}}, {"model": "stats.productview", "pk": 25, "fields": {"date": "2020-08-19T16:46:56.984Z", "ip_address": "127.0.0.1", "user": 1, "tracking_id": "6a387edb6b011fbc4e70b5a639321ee9250349aaa3cb0ae15d4a66b913885a83", "valid_tracker": false, "product": 4}}, {"model": "stats.productview", "pk": 27, "fields": {"date": "2020-08-19T16:55:37.572Z", "ip_address": "127.0.0.1", "user": 5, "tracking_id": "4e851bc7305343ab3d661b6d8f4bda6f00d2edab86961f183890f9bca697dbe2", "valid_tracker": false, "product": 4}}, {"model": "stats.productview", "pk": 60, "fields": {"date": "2020-08-19T17:08:36.178Z", "ip_address": "127.0.0.1", "user": 2, "tracking_id": "ef93cc206e6fbeb2acf56f23d850b37771075b587b12332b1acb5a80053af121", "valid_tracker": false, "product": 3}}, {"model": "stats.productview", "pk": 61, "fields": {"date": "2020-08-19T17:09:05.628Z", "ip_address": "127.0.0.1", "user": 5, "tracking_id": "bc2bce42b9f027f78c3b0acb2bd7d5f9890d338f056ac9c82360b77613163b57", "valid_tracker": false, "product": 4}}, {"model": "stats.productview", "pk": 62, "fields": {"date": "2020-08-20T07:49:48.832Z", "ip_address": "127.0.0.1", "user": 5, "tracking_id": "4adafe06fbbdaba2d6ef171454bdb39eb9f17eeb857da9dabe4aec6d2ae00c09", "valid_tracker": false, "product": 5}}, {"model": "stats.productview", "pk": 63, "fields": {"date": "2020-08-20T07:50:27.556Z", "ip_address": "127.0.0.1", "user": 5, "tracking_id": "4adafe06fbbdaba2d6ef171454bdb39eb9f17eeb857da9dabe4aec6d2ae00c09", "valid_tracker": false, "product": 6}}, {"model": "stats.productview", "pk": 64, "fields": {"date": "2020-08-24T15:24:21.001Z", "ip_address": "127.0.0.1", "user": 5, "tracking_id": "21ce82ae47c5a62c16af4a3bec722e63f0c7cd046f2add01b9f02d04f40e0672", "valid_tracker": false, "product": 3}}, {"model": "stats.productview", "pk": 65, "fields": {"date": "2020-08-26T01:50:18.268Z", "ip_address": "127.0.0.1", "user": 1, "tracking_id": "3c7bea7c5600cabde3251a3e1b07bd581ab350e11356741d4179ee9b68ed7b38", "valid_tracker": false, "product": 5}}, {"model": "stats.productview", "pk": 66, "fields": {"date": "2020-08-26T03:00:47.432Z", "ip_address": "127.0.0.1", "user": 1, "tracking_id": "3c0cbe8970357ae210909920e949b208d7278051d050855feb33102a4ebb8b90", "valid_tracker": false, "product": 4}}, {"model": "stats.productview", "pk": 67, "fields": {"date": "2020-08-26T15:11:40.019Z", "ip_address": "127.0.0.1", "user": 1, "tracking_id": "3c0cbe8970357ae210909920e949b208d7278051d050855feb33102a4ebb8b90", "valid_tracker": false, "product": 5}}, {"model": "stats.productview", "pk": 68, "fields": {"date": "2020-08-26T15:15:57.831Z", "ip_address": "127.0.0.1", "user": 1, "tracking_id": "3c0cbe8970357ae210909920e949b208d7278051d050855feb33102a4ebb8b90", "valid_tracker": false, "product": 3}}, {"model": "stats.productview", "pk": 69, "fields": {"date": "2020-08-27T03:32:58.290Z", "ip_address": "127.0.0.1", "user": 1, "tracking_id": "4f65b7b34a75e7ba1fb86748690fbcf1e52bfaadb4a8f81a9defc491401f6246", "valid_tracker": false, "product": 3}}, {"model": "stats.productview", "pk": 70, "fields": {"date": "2020-08-27T23:36:23.844Z", "ip_address": "127.0.0.1", "user": 1, "tracking_id": "4f65b7b34a75e7ba1fb86748690fbcf1e52bfaadb4a8f81a9defc491401f6246", "valid_tracker": false, "product": 4}}, {"model": "stats.productview", "pk": 71, "fields": {"date": "2020-08-27T23:37:15.773Z", "ip_address": "127.0.0.1", "user": 1, "tracking_id": "4f65b7b34a75e7ba1fb86748690fbcf1e52bfaadb4a8f81a9defc491401f6246", "valid_tracker": false, "product": 5}}, {"model": "admin.logentry", "pk": 1, "fields": {"action_time": "2020-08-08T18:24:43.848Z", "user": 1, "content_type": 19, "object_id": "3", "object_repr": "13 of Denim", "action_flag": 1, "change_message": "[{\"added\": {}}]"}}, {"model": "admin.logentry", "pk": 2, "fields": {"action_time": "2020-08-08T18:33:39.425Z", "user": 1, "content_type": 18, "object_id": "2", "object_repr": "Order object (2)", "action_flag": 2, "change_message": "[{\"changed\": {\"fields\": [\"Being delivered\", \"Refund granted\"]}}]"}}, {"model": "admin.logentry", "pk": 3, "fields": {"action_time": "2020-08-08T20:45:04.177Z", "user": 2, "content_type": 21, "object_id": "2", "object_repr": "ProductImage object (2)", "action_flag": 1, "change_message": "[{\"added\": {}}]"}}, {"model": "admin.logentry", "pk": 4, "fields": {"action_time": "2020-08-08T21:08:39.268Z", "user": 2, "content_type": 21, "object_id": "2", "object_repr": "ProductImage object (2)", "action_flag": 2, "change_message": "[{\"changed\": {\"fields\": [\"In display\"]}}]"}}, {"model": "admin.logentry", "pk": 5, "fields": {"action_time": "2020-08-08T21:10:36.165Z", "user": 2, "content_type": 21, "object_id": "2", "object_repr": "ProductImage object (2)", "action_flag": 3, "change_message": ""}}, {"model": "admin.logentry", "pk": 6, "fields": {"action_time": "2020-08-08T21:10:48.257Z", "user": 2, "content_type": 21, "object_id": "1", "object_repr": "ProductImage object (1)", "action_flag": 3, "change_message": ""}}, {"model": "admin.logentry", "pk": 7, "fields": {"action_time": "2020-08-08T21:11:08.549Z", "user": 2, "content_type": 21, "object_id": "3", "object_repr": "ProductImage object (3)", "action_flag": 1, "change_message": "[{\"added\": {}}]"}}, {"model": "admin.logentry", "pk": 8, "fields": {"action_time": "2020-08-08T21:11:25.408Z", "user": 2, "content_type": 21, "object_id": "4", "object_repr": "ProductImage object (4)", "action_flag": 1, "change_message": "[{\"added\": {}}]"}}, {"model": "admin.logentry", "pk": 9, "fields": {"action_time": "2020-08-08T21:29:50.487Z", "user": 2, "content_type": 21, "object_id": "6", "object_repr": "ProductImage object (6)", "action_flag": 3, "change_message": ""}}, {"model": "admin.logentry", "pk": 10, "fields": {"action_time": "2020-08-08T21:29:56.219Z", "user": 2, "content_type": 21, "object_id": "5", "object_repr": "ProductImage object (5)", "action_flag": 3, "change_message": ""}}, {"model": "admin.logentry", "pk": 11, "fields": {"action_time": "2020-08-08T21:30:14.104Z", "user": 2, "content_type": 21, "object_id": "7", "object_repr": "ProductImage object (7)", "action_flag": 1, "change_message": "[{\"added\": {}}]"}}, {"model": "admin.logentry", "pk": 12, "fields": {"action_time": "2020-08-08T21:30:35.747Z", "user": 2, "content_type": 21, "object_id": "7", "object_repr": "ProductImage object (7)", "action_flag": 2, "change_message": "[{\"changed\": {\"fields\": [\"In display\"]}}]"}}, {"model": "admin.logentry", "pk": 13, "fields": {"action_time": "2020-08-09T00:34:22.887Z", "user": 2, "content_type": 3, "object_id": "1", "object_repr": "Employees", "action_flag": 1, "change_message": "[{\"added\": {}}]"}}, {"model": "admin.logentry", "pk": 14, "fields": {"action_time": "2020-08-09T00:36:48.332Z", "user": 2, "content_type": 3, "object_id": "2", "object_repr": "Dispatchers", "action_flag": 1, "change_message": "[{\"added\": {}}]"}}, {"model": "admin.logentry", "pk": 15, "fields": {"action_time": "2020-08-09T01:48:29Z", "user": 2, "content_type": 3, "object_id": "3", "object_repr": "Seller", "action_flag": 1, "change_message": "[{\"added\": {}}]"}}, {"model": "admin.logentry", "pk": 16, "fields": {"action_time": "2020-08-09T01:50:15.469Z", "user": 2, "content_type": 3, "object_id": "3", "object_repr": "Sellers", "action_flag": 2, "change_message": "[{\"changed\": {\"fields\": [\"Name\"]}}]"}}, {"model": "admin.logentry", "pk": 17, "fields": {"action_time": "2020-08-09T03:26:07.458Z", "user": 1, "content_type": 11, "object_id": "1", "object_repr": "danielmakori0@gmail.com", "action_flag": 2, "change_message": "[{\"changed\": {\"fields\": [\"Groups\"]}}]"}}, {"model": "admin.logentry", "pk": 18, "fields": {"action_time": "2020-08-09T03:26:47.312Z", "user": 1, "content_type": 11, "object_id": "3", "object_repr": "jacyboss@gmail.com", "action_flag": 2, "change_message": "[{\"changed\": {\"fields\": [\"Groups\"]}}]"}}, {"model": "admin.logentry", "pk": 19, "fields": {"action_time": "2020-08-09T03:27:01.893Z", "user": 1, "content_type": 11, "object_id": "3", "object_repr": "jacyboss@gmail.com", "action_flag": 2, "change_message": "[{\"changed\": {\"fields\": [\"Staff status\"]}}]"}}, {"model": "admin.logentry", "pk": 20, "fields": {"action_time": "2020-08-09T04:26:45.402Z", "user": 2, "content_type": 18, "object_id": "4", "object_repr": "Order object (4)", "action_flag": 1, "change_message": "[{\"added\": {}}]"}}, {"model": "admin.logentry", "pk": 21, "fields": {"action_time": "2020-08-09T04:44:22.496Z", "user": 2, "content_type": 20, "object_id": "29", "object_repr": "Tops", "action_flag": 2, "change_message": "[{\"changed\": {\"fields\": [\"In stock\"]}}]"}}, {"model": "admin.logentry", "pk": 22, "fields": {"action_time": "2020-08-09T04:46:28.146Z", "user": 2, "content_type": 20, "object_id": "2", "object_repr": "Farm Vegetables", "action_flag": 2, "change_message": "[{\"changed\": {\"fields\": [\"Stock\"]}}]"}}, {"model": "admin.logentry", "pk": 23, "fields": {"action_time": "2020-08-09T04:49:45.431Z", "user": 1, "content_type": 18, "object_id": "2", "object_repr": "Order object (2)", "action_flag": 2, "change_message": "[{\"changed\": {\"fields\": [\"Status\"]}}]"}}, {"model": "admin.logentry", "pk": 24, "fields": {"action_time": "2020-08-09T04:57:43.141Z", "user": 1, "content_type": 18, "object_id": "2", "object_repr": "Order object (2)", "action_flag": 2, "change_message": "[{\"changed\": {\"fields\": [\"Being delivered\"]}}]"}}, {"model": "admin.logentry", "pk": 25, "fields": {"action_time": "2020-08-09T04:57:53.801Z", "user": 1, "content_type": 18, "object_id": "2", "object_repr": "Order object (2)", "action_flag": 2, "change_message": "[{\"changed\": {\"fields\": [\"Being delivered\"]}}]"}}, {"model": "admin.logentry", "pk": 26, "fields": {"action_time": "2020-08-09T04:58:01.136Z", "user": 1, "content_type": 18, "object_id": "2", "object_repr": "Order object (2)", "action_flag": 2, "change_message": "[{\"changed\": {\"fields\": [\"Received\"]}}]"}}, {"model": "admin.logentry", "pk": 27, "fields": {"action_time": "2020-08-10T05:01:00.103Z", "user": 4, "content_type": 6, "object_id": "1", "object_repr": "me2uafrica.com", "action_flag": 2, "change_message": "[{\"changed\": {\"fields\": [\"Domain name\", \"Display name\"]}}]"}}, {"model": "admin.logentry", "pk": 28, "fields": {"action_time": "2020-08-10T05:35:03.348Z", "user": 1, "content_type": 20, "object_id": "1", "object_repr": "Dragon Touch 4K Action Camera", "action_flag": 2, "change_message": "[{\"changed\": {\"fields\": [\"Is featured\"]}}]"}}, {"model": "admin.logentry", "pk": 29, "fields": {"action_time": "2020-08-11T06:00:37.855Z", "user": 1, "content_type": 3, "object_id": "3", "object_repr": "Sellers", "action_flag": 2, "change_message": "[]"}}, {"model": "admin.logentry", "pk": 30, "fields": {"action_time": "2020-08-11T06:01:58.494Z", "user": 1, "content_type": 3, "object_id": "2", "object_repr": "Dispatchers", "action_flag": 2, "change_message": "[]"}}, {"model": "admin.logentry", "pk": 31, "fields": {"action_time": "2020-08-11T06:07:54.226Z", "user": 1, "content_type": 3, "object_id": "4", "object_repr": "Lenders", "action_flag": 1, "change_message": "[{\"added\": {}}]"}}, {"model": "admin.logentry", "pk": 32, "fields": {"action_time": "2020-08-12T01:39:50.126Z", "user": 2, "content_type": 21, "object_id": "28", "object_repr": "ProductImage object (28)", "action_flag": 3, "change_message": ""}}, {"model": "admin.logentry", "pk": 33, "fields": {"action_time": "2020-08-12T01:39:50.308Z", "user": 2, "content_type": 21, "object_id": "27", "object_repr": "ProductImage object (27)", "action_flag": 3, "change_message": ""}}, {"model": "admin.logentry", "pk": 34, "fields": {"action_time": "2020-08-12T01:39:50.345Z", "user": 2, "content_type": 21, "object_id": "26", "object_repr": "ProductImage object (26)", "action_flag": 3, "change_message": ""}}, {"model": "admin.logentry", "pk": 35, "fields": {"action_time": "2020-08-12T01:39:50.374Z", "user": 2, "content_type": 21, "object_id": "25", "object_repr": "ProductImage object (25)", "action_flag": 3, "change_message": ""}}, {"model": "admin.logentry", "pk": 36, "fields": {"action_time": "2020-08-12T01:39:50.413Z", "user": 2, "content_type": 21, "object_id": "24", "object_repr": "ProductImage object (24)", "action_flag": 3, "change_message": ""}}, {"model": "admin.logentry", "pk": 37, "fields": {"action_time": "2020-08-12T01:42:50.181Z", "user": 2, "content_type": 21, "object_id": "22", "object_repr": "ProductImage object (22)", "action_flag": 3, "change_message": ""}}, {"model": "admin.logentry", "pk": 38, "fields": {"action_time": "2020-08-12T01:42:50.227Z", "user": 2, "content_type": 21, "object_id": "16", "object_repr": "ProductImage object (16)", "action_flag": 3, "change_message": ""}}, {"model": "admin.logentry", "pk": 39, "fields": {"action_time": "2020-08-12T01:42:50.345Z", "user": 2, "content_type": 21, "object_id": "15", "object_repr": "ProductImage object (15)", "action_flag": 3, "change_message": ""}}, {"model": "admin.logentry", "pk": 40, "fields": {"action_time": "2020-08-12T01:42:50.388Z", "user": 2, "content_type": 21, "object_id": "13", "object_repr": "ProductImage object (13)", "action_flag": 3, "change_message": ""}}, {"model": "admin.logentry", "pk": 41, "fields": {"action_time": "2020-08-12T01:42:50.429Z", "user": 2, "content_type": 21, "object_id": "12", "object_repr": "ProductImage object (12)", "action_flag": 3, "change_message": ""}}, {"model": "admin.logentry", "pk": 42, "fields": {"action_time": "2020-08-12T01:42:50.471Z", "user": 2, "content_type": 21, "object_id": "3", "object_repr": "ProductImage object (3)", "action_flag": 3, "change_message": ""}}, {"model": "admin.logentry", "pk": 43, "fields": {"action_time": "2020-08-13T23:15:22.620Z", "user": 2, "content_type": 11, "object_id": "2", "object_repr": "dmakori28@gmail.com", "action_flag": 2, "change_message": "[{\"changed\": {\"fields\": [\"Staff status\", \"Superuser status\"]}}]"}}, {"model": "admin.logentry", "pk": 44, "fields": {"action_time": "2020-08-13T23:36:30.352Z", "user": 1, "content_type": 11, "object_id": "2", "object_repr": "dmakori28@gmail.com", "action_flag": 2, "change_message": "[{\"changed\": {\"fields\": [\"Groups\"]}}]"}}, {"model": "admin.logentry", "pk": 45, "fields": {"action_time": "2020-08-13T23:38:33.808Z", "user": 1, "content_type": 11, "object_id": "2", "object_repr": "dmakori28@gmail.com", "action_flag": 2, "change_message": "[{\"changed\": {\"fields\": [\"Staff status\"]}}]"}}, {"model": "admin.logentry", "pk": 46, "fields": {"action_time": "2020-08-14T00:41:06.394Z", "user": 2, "content_type": 20, "object_id": "37", "object_repr": "Denim", "action_flag": 1, "change_message": "[{\"added\": {}}]"}}, {"model": "admin.logentry", "pk": 47, "fields": {"action_time": "2020-08-15T00:28:35.842Z", "user": 1, "content_type": 20, "object_id": "1", "object_repr": "Dragon Touch 4K Action Camera", "action_flag": 1, "change_message": "[{\"added\": {}}]"}}, {"model": "admin.logentry", "pk": 48, "fields": {"action_time": "2020-08-15T00:29:07.988Z", "user": 1, "content_type": 21, "object_id": "1", "object_repr": "ProductImage object (1)", "action_flag": 1, "change_message": "[{\"added\": {}}]"}}, {"model": "admin.logentry", "pk": 49, "fields": {"action_time": "2020-08-16T06:10:07.761Z", "user": 1, "content_type": 11, "object_id": "2", "object_repr": "dmakori28@gmail.com", "action_flag": 2, "change_message": "[{\"changed\": {\"fields\": [\"Staff status\", \"Superuser status\"]}}]"}}, {"model": "admin.logentry", "pk": 50, "fields": {"action_time": "2020-08-18T06:42:42.348Z", "user": 1, "content_type": 18, "object_id": "4", "object_repr": "Order object (4)", "action_flag": 2, "change_message": "[{\"changed\": {\"fields\": [\"Ordered\", \"Status\", \"Name\", \"Email\", \"Phone\", \"Shipping address1\", \"Shipping address2\", \"Shipping zip code\", \"Shipping city\", \"Shipping country\", \"Billing address1\", \"Billing address2\", \"Billing zip code\", \"Billing city\", \"Billing country\"]}}]"}}, {"model": "admin.logentry", "pk": 51, "fields": {"action_time": "2020-08-18T07:05:25.557Z", "user": 1, "content_type": 11, "object_id": "2", "object_repr": "dmakori28@gmail.com", "action_flag": 2, "change_message": "[{\"changed\": {\"fields\": [\"Staff status\", \"Superuser status\"]}}]"}}, {"model": "admin.logentry", "pk": 52, "fields": {"action_time": "2020-08-18T07:07:47.659Z", "user": 2, "content_type": 20, "object_id": "5", "object_repr": "Farm Vegetables", "action_flag": 2, "change_message": "[{\"changed\": {\"fields\": [\"Is bestseller\", \"Is featured\"]}}]"}}, {"model": "admin.logentry", "pk": 53, "fields": {"action_time": "2020-08-18T07:08:05.058Z", "user": 2, "content_type": 20, "object_id": "4", "object_repr": "Matoke", "action_flag": 2, "change_message": "[{\"changed\": {\"fields\": [\"Is bestseller\", \"Is featured\"]}}]"}}, {"model": "admin.logentry", "pk": 54, "fields": {"action_time": "2020-08-18T07:08:28.276Z", "user": 2, "content_type": 20, "object_id": "3", "object_repr": "Denim", "action_flag": 2, "change_message": "[{\"changed\": {\"fields\": [\"Stock\", \"Is bestseller\", \"Is featured\"]}}]"}}, {"model": "admin.logentry", "pk": 55, "fields": {"action_time": "2020-08-18T07:28:16.756Z", "user": 1, "content_type": 18, "object_id": "5", "object_repr": "Order object (5)", "action_flag": 2, "change_message": "[{\"changed\": {\"fields\": [\"Ordered\", \"Name\", \"Email\", \"Phone\", \"Shipping address1\", \"Shipping address2\", \"Shipping zip code\", \"Shipping city\", \"Shipping country\", \"Billing address1\", \"Billing address2\", \"Billing zip code\", \"Billing city\", \"Billing country\"]}}]"}}, {"model": "admin.logentry", "pk": 56, "fields": {"action_time": "2020-08-18T07:30:22.298Z", "user": 2, "content_type": 19, "object_id": "8", "object_repr": "1 of Dragon Touch 4K Action Camera", "action_flag": 2, "change_message": "[{\"changed\": {\"fields\": [\"Ordered\"]}}]"}}, {"model": "admin.logentry", "pk": 57, "fields": {"action_time": "2020-08-18T07:30:34.024Z", "user": 2, "content_type": 19, "object_id": "7", "object_repr": "1 of Denim", "action_flag": 2, "change_message": "[{\"changed\": {\"fields\": [\"Ordered\"]}}]"}}, {"model": "admin.logentry", "pk": 58, "fields": {"action_time": "2020-08-18T07:30:43.782Z", "user": 2, "content_type": 19, "object_id": "6", "object_repr": "5 of Matoke", "action_flag": 2, "change_message": "[{\"changed\": {\"fields\": [\"Ordered\"]}}]"}}, {"model": "admin.logentry", "pk": 59, "fields": {"action_time": "2020-08-18T07:30:58.776Z", "user": 2, "content_type": 19, "object_id": "4", "object_repr": "2 of Dragon Touch 4K Action Camera", "action_flag": 2, "change_message": "[{\"changed\": {\"fields\": [\"Ordered\"]}}]"}}, {"model": "admin.logentry", "pk": 60, "fields": {"action_time": "2020-08-18T07:31:07.926Z", "user": 2, "content_type": 19, "object_id": "5", "object_repr": "3 of Farm Vegetables", "action_flag": 2, "change_message": "[{\"changed\": {\"fields\": [\"Ordered\"]}}]"}}, {"model": "admin.logentry", "pk": 61, "fields": {"action_time": "2020-08-18T07:43:02.896Z", "user": 1, "content_type": 19, "object_id": "12", "object_repr": "1 of Farm Vegetables", "action_flag": 2, "change_message": "[{\"changed\": {\"fields\": [\"Ordered\"]}}]"}}, {"model": "admin.logentry", "pk": 62, "fields": {"action_time": "2020-08-18T07:43:14.364Z", "user": 1, "content_type": 19, "object_id": "11", "object_repr": "1 of Denim", "action_flag": 2, "change_message": "[{\"changed\": {\"fields\": [\"Ordered\"]}}]"}}, {"model": "admin.logentry", "pk": 63, "fields": {"action_time": "2020-08-18T07:59:43.237Z", "user": 1, "content_type": 18, "object_id": "7", "object_repr": "Order object (7)", "action_flag": 2, "change_message": "[{\"changed\": {\"fields\": [\"Ordered\", \"Status\", \"Name\", \"Email\", \"Phone\", \"Shipping address1\", \"Shipping address2\", \"Shipping zip code\", \"Shipping city\", \"Shipping country\", \"Billing address1\", \"Billing address2\", \"Billing zip code\", \"Billing city\", \"Billing country\"]}}]"}}, {"model": "admin.logentry", "pk": 64, "fields": {"action_time": "2020-08-18T14:53:20.613Z", "user": 1, "content_type": 19, "object_id": "13", "object_repr": "1 of Denim", "action_flag": 2, "change_message": "[{\"changed\": {\"fields\": [\"Ordered\"]}}]"}}, {"model": "admin.logentry", "pk": 65, "fields": {"action_time": "2020-08-18T14:53:53.268Z", "user": 1, "content_type": 19, "object_id": "12", "object_repr": "1 of Farm Vegetables", "action_flag": 2, "change_message": "[{\"changed\": {\"fields\": [\"Status\"]}}]"}}, {"model": "admin.logentry", "pk": 66, "fields": {"action_time": "2020-08-18T14:53:53.383Z", "user": 1, "content_type": 19, "object_id": "11", "object_repr": "1 of Denim", "action_flag": 2, "change_message": "[{\"changed\": {\"fields\": [\"Status\"]}}]"}}, {"model": "admin.logentry", "pk": 67, "fields": {"action_time": "2020-08-18T14:53:53.488Z", "user": 1, "content_type": 19, "object_id": "8", "object_repr": "1 of Dragon Touch 4K Action Camera", "action_flag": 2, "change_message": "[{\"changed\": {\"fields\": [\"Status\"]}}]"}}, {"model": "admin.logentry", "pk": 68, "fields": {"action_time": "2020-08-18T14:53:53.580Z", "user": 1, "content_type": 19, "object_id": "7", "object_repr": "1 of Denim", "action_flag": 2, "change_message": "[{\"changed\": {\"fields\": [\"Status\"]}}]"}}, {"model": "admin.logentry", "pk": 69, "fields": {"action_time": "2020-08-18T14:53:53.660Z", "user": 1, "content_type": 19, "object_id": "6", "object_repr": "5 of Matoke", "action_flag": 2, "change_message": "[{\"changed\": {\"fields\": [\"Status\"]}}]"}}, {"model": "admin.logentry", "pk": 70, "fields": {"action_time": "2020-08-18T21:24:54.323Z", "user": 2, "content_type": 19, "object_id": "14", "object_repr": "1 of Beach Towel", "action_flag": 2, "change_message": "[{\"changed\": {\"fields\": [\"Status\", \"Ordered\"]}}]"}}, {"model": "admin.logentry", "pk": 71, "fields": {"action_time": "2020-08-18T21:25:18.719Z", "user": 2, "content_type": 18, "object_id": "9", "object_repr": "Order object (9)", "action_flag": 2, "change_message": "[{\"changed\": {\"fields\": [\"Ordered\"]}}]"}}, {"model": "admin.logentry", "pk": 72, "fields": {"action_time": "2020-08-19T01:51:55.978Z", "user": 2, "content_type": 18, "object_id": "10", "object_repr": "Order object (10)", "action_flag": 2, "change_message": "[{\"changed\": {\"fields\": [\"Status\"]}}]"}}, {"model": "admin.logentry", "pk": 73, "fields": {"action_time": "2020-08-19T01:52:23.027Z", "user": 2, "content_type": 19, "object_id": "15", "object_repr": "12 of Denim", "action_flag": 2, "change_message": "[{\"changed\": {\"fields\": [\"Status\"]}}]"}}, {"model": "admin.logentry", "pk": 74, "fields": {"action_time": "2020-08-19T16:13:21.557Z", "user": 1, "content_type": 18, "object_id": "5", "object_repr": "Order object (5)", "action_flag": 2, "change_message": "[{\"changed\": {\"fields\": [\"Status\"]}}]"}}, {"model": "admin.logentry", "pk": 75, "fields": {"action_time": "2020-08-19T16:14:35.514Z", "user": 1, "content_type": 19, "object_id": "12", "object_repr": "1 of Farm Vegetables", "action_flag": 2, "change_message": "[{\"changed\": {\"fields\": [\"Status\"]}}]"}}, {"model": "admin.logentry", "pk": 76, "fields": {"action_time": "2020-08-19T16:14:35.650Z", "user": 1, "content_type": 19, "object_id": "11", "object_repr": "1 of Denim", "action_flag": 2, "change_message": "[{\"changed\": {\"fields\": [\"Status\"]}}]"}}, {"model": "admin.logentry", "pk": 77, "fields": {"action_time": "2020-08-19T16:21:54.978Z", "user": 1, "content_type": 18, "object_id": "5", "object_repr": "Order object (5)", "action_flag": 2, "change_message": "[{\"changed\": {\"fields\": [\"Status\"]}}]"}}, {"model": "admin.logentry", "pk": 78, "fields": {"action_time": "2020-08-19T16:28:00.826Z", "user": 1, "content_type": 18, "object_id": "1", "object_repr": "Order object (1)", "action_flag": 2, "change_message": "[{\"changed\": {\"fields\": [\"Status\"]}}]"}}, {"model": "admin.logentry", "pk": 79, "fields": {"action_time": "2020-08-19T16:29:48.199Z", "user": 1, "content_type": 19, "object_id": "15", "object_repr": "12 of Denim", "action_flag": 3, "change_message": ""}}, {"model": "admin.logentry", "pk": 80, "fields": {"action_time": "2020-08-19T16:29:48.229Z", "user": 1, "content_type": 19, "object_id": "14", "object_repr": "1 of Beach Towel", "action_flag": 3, "change_message": ""}}, {"model": "admin.logentry", "pk": 81, "fields": {"action_time": "2020-08-19T16:29:48.257Z", "user": 1, "content_type": 19, "object_id": "13", "object_repr": "1 of Denim", "action_flag": 3, "change_message": ""}}, {"model": "admin.logentry", "pk": 82, "fields": {"action_time": "2020-08-19T16:29:48.285Z", "user": 1, "content_type": 19, "object_id": "12", "object_repr": "1 of Farm Vegetables", "action_flag": 3, "change_message": ""}}, {"model": "admin.logentry", "pk": 83, "fields": {"action_time": "2020-08-19T16:29:48.315Z", "user": 1, "content_type": 19, "object_id": "11", "object_repr": "1 of Denim", "action_flag": 3, "change_message": ""}}, {"model": "admin.logentry", "pk": 84, "fields": {"action_time": "2020-08-19T16:29:48.341Z", "user": 1, "content_type": 19, "object_id": "8", "object_repr": "1 of Dragon Touch 4K Action Camera", "action_flag": 3, "change_message": ""}}, {"model": "admin.logentry", "pk": 85, "fields": {"action_time": "2020-08-19T16:29:48.370Z", "user": 1, "content_type": 19, "object_id": "7", "object_repr": "1 of Denim", "action_flag": 3, "change_message": ""}}, {"model": "admin.logentry", "pk": 86, "fields": {"action_time": "2020-08-19T16:29:48.397Z", "user": 1, "content_type": 19, "object_id": "6", "object_repr": "5 of Matoke", "action_flag": 3, "change_message": ""}}, {"model": "admin.logentry", "pk": 87, "fields": {"action_time": "2020-08-19T16:29:48.425Z", "user": 1, "content_type": 19, "object_id": "5", "object_repr": "3 of Farm Vegetables", "action_flag": 3, "change_message": ""}}, {"model": "admin.logentry", "pk": 88, "fields": {"action_time": "2020-08-19T16:29:48.459Z", "user": 1, "content_type": 19, "object_id": "4", "object_repr": "2 of Dragon Touch 4K Action Camera", "action_flag": 3, "change_message": ""}}, {"model": "admin.logentry", "pk": 89, "fields": {"action_time": "2020-08-19T16:29:48.490Z", "user": 1, "content_type": 19, "object_id": "1", "object_repr": "1 of Dragon Touch 4K Action Camera", "action_flag": 3, "change_message": ""}}, {"model": "admin.logentry", "pk": 90, "fields": {"action_time": "2020-08-19T16:30:06.205Z", "user": 1, "content_type": 18, "object_id": "1", "object_repr": "Order object (1)", "action_flag": 3, "change_message": ""}}, {"model": "admin.logentry", "pk": 91, "fields": {"action_time": "2020-08-19T16:30:06.236Z", "user": 1, "content_type": 18, "object_id": "5", "object_repr": "Order object (5)", "action_flag": 3, "change_message": ""}}, {"model": "admin.logentry", "pk": 92, "fields": {"action_time": "2020-08-19T16:30:06.264Z", "user": 1, "content_type": 18, "object_id": "10", "object_repr": "Order object (10)", "action_flag": 3, "change_message": ""}}, {"model": "admin.logentry", "pk": 93, "fields": {"action_time": "2020-08-19T16:30:06.292Z", "user": 1, "content_type": 18, "object_id": "9", "object_repr": "Order object (9)", "action_flag": 3, "change_message": ""}}, {"model": "admin.logentry", "pk": 94, "fields": {"action_time": "2020-08-19T16:30:06.320Z", "user": 1, "content_type": 18, "object_id": "8", "object_repr": "Order object (8)", "action_flag": 3, "change_message": ""}}, {"model": "admin.logentry", "pk": 95, "fields": {"action_time": "2020-08-19T16:30:06.348Z", "user": 1, "content_type": 18, "object_id": "7", "object_repr": "Order object (7)", "action_flag": 3, "change_message": ""}}, {"model": "admin.logentry", "pk": 96, "fields": {"action_time": "2020-08-19T16:30:06.376Z", "user": 1, "content_type": 18, "object_id": "4", "object_repr": "Order object (4)", "action_flag": 3, "change_message": ""}}, {"model": "admin.logentry", "pk": 97, "fields": {"action_time": "2020-08-19T16:32:13.872Z", "user": 2, "content_type": 18, "object_id": "11", "object_repr": "Order object (11)", "action_flag": 2, "change_message": "[{\"changed\": {\"fields\": [\"Ordered\"]}}]"}}, {"model": "admin.logentry", "pk": 98, "fields": {"action_time": "2020-08-19T16:37:21.619Z", "user": 1, "content_type": 18, "object_id": "11", "object_repr": "Order object (11)", "action_flag": 2, "change_message": "[{\"changed\": {\"fields\": [\"Status\"]}}]"}}, {"model": "admin.logentry", "pk": 99, "fields": {"action_time": "2020-08-19T16:39:00.002Z", "user": 1, "content_type": 19, "object_id": "16", "object_repr": "1 of Denim", "action_flag": 2, "change_message": "[{\"changed\": {\"fields\": [\"Ordered\"]}}]"}}, {"model": "admin.logentry", "pk": 100, "fields": {"action_time": "2020-08-19T16:43:31.291Z", "user": 1, "content_type": 19, "object_id": "16", "object_repr": "1 of Denim", "action_flag": 2, "change_message": "[{\"changed\": {\"fields\": [\"Status\"]}}]"}}, {"model": "admin.logentry", "pk": 101, "fields": {"action_time": "2020-08-19T16:44:27.932Z", "user": 1, "content_type": 18, "object_id": "11", "object_repr": "Order object (11)", "action_flag": 2, "change_message": "[{\"changed\": {\"fields\": [\"Status\"]}}]"}}, {"model": "admin.logentry", "pk": 102, "fields": {"action_time": "2020-08-19T16:52:33.048Z", "user": 2, "content_type": 18, "object_id": "11", "object_repr": "Order object (11)", "action_flag": 2, "change_message": "[]"}}, {"model": "admin.logentry", "pk": 135, "fields": {"action_time": "2020-08-19T17:07:39.918Z", "user": 2, "content_type": 18, "object_id": "11", "object_repr": "Order object (11)", "action_flag": 2, "change_message": "[{\"changed\": {\"fields\": [\"Status\"]}}]"}}, {"model": "admin.logentry", "pk": 136, "fields": {"action_time": "2020-08-19T17:08:21.755Z", "user": 2, "content_type": 18, "object_id": "11", "object_repr": "Order object (11)", "action_flag": 3, "change_message": ""}}, {"model": "admin.logentry", "pk": 137, "fields": {"action_time": "2020-08-20T16:10:43.144Z", "user": 1, "content_type": 15, "object_id": "1", "object_repr": "At", "action_flag": 2, "change_message": "[{\"changed\": {\"fields\": [\"Category name\", \"Image\"]}}]"}}, {"model": "admin.logentry", "pk": 138, "fields": {"action_time": "2020-08-20T16:12:08.753Z", "user": 1, "content_type": 15, "object_id": "5", "object_repr": "Ca", "action_flag": 2, "change_message": "[{\"changed\": {\"fields\": [\"Category name\", \"Image\"]}}]"}}, {"model": "admin.logentry", "pk": 139, "fields": {"action_time": "2020-08-20T16:13:18.860Z", "user": 1, "content_type": 15, "object_id": "13", "object_repr": "Ca", "action_flag": 2, "change_message": "[{\"changed\": {\"fields\": [\"Category name\", \"Description\", \"Image\", \"Meta Keywords\", \"Meta Description\"]}}]"}}, {"model": "admin.logentry", "pk": 140, "fields": {"action_time": "2020-08-20T16:13:47.960Z", "user": 1, "content_type": 15, "object_id": "3", "object_repr": "El", "action_flag": 2, "change_message": "[{\"changed\": {\"fields\": [\"Category name\", \"Image\"]}}]"}}, {"model": "admin.logentry", "pk": 141, "fields": {"action_time": "2020-08-20T16:14:30.253Z", "user": 1, "content_type": 15, "object_id": "2", "object_repr": "Fa", "action_flag": 2, "change_message": "[{\"changed\": {\"fields\": [\"Category name\", \"Image\"]}}]"}}, {"model": "admin.logentry", "pk": 142, "fields": {"action_time": "2020-08-20T16:15:47.370Z", "user": 1, "content_type": 15, "object_id": "12", "object_repr": "So", "action_flag": 2, "change_message": "[{\"changed\": {\"fields\": [\"Category name\", \"Description\", \"Image\", \"Meta Keywords\", \"Meta Description\"]}}]"}}, {"model": "admin.logentry", "pk": 143, "fields": {"action_time": "2020-08-20T16:16:00.573Z", "user": 1, "content_type": 15, "object_id": "4", "object_repr": "Sokoni", "action_flag": 3, "change_message": ""}}, {"model": "admin.logentry", "pk": 144, "fields": {"action_time": "2020-08-20T16:17:32.680Z", "user": 1, "content_type": 15, "object_id": "14", "object_repr": "Wo", "action_flag": 2, "change_message": "[{\"changed\": {\"fields\": [\"Category name\", \"Description\", \"Image\", \"Meta Keywords\", \"Meta Description\"]}}]"}}, {"model": "admin.logentry", "pk": 145, "fields": {"action_time": "2020-08-20T19:59:18.542Z", "user": 1, "content_type": 20, "object_id": "6", "object_repr": "Beach Towel", "action_flag": 2, "change_message": "[{\"changed\": {\"fields\": [\"Product categories\"]}}]"}}, {"model": "admin.logentry", "pk": 146, "fields": {"action_time": "2020-08-24T18:48:10.680Z", "user": 1, "content_type": 11, "object_id": "5", "object_repr": "daddy@gmail.com", "action_flag": 2, "change_message": "[{\"changed\": {\"fields\": [\"Staff status\", \"Groups\"]}}]"}}]