[
{
  "model": "auth.group",
  "pk": 1,
  "fields": {
    "name": "Employees",
    "permissions": [
      57,
      58,
      60,
      64,
      66,
      68,
      70,
      72,
      74,
      76,
      77,
      78,
      79,
      80,
      81,
      82,
      83,
      84,
      88,
      90,
      92,
      96,
      97,
      98,
      99,
      100,
      105,
      106,
      107,
      108,
      109,
      110,
      111,
      112,
      56,
      49,
      50,
      52,
      41,
      44
    ]
  }
},
{
  "model": "auth.group",
  "pk": 2,
  "fields": {
    "name": "Dispatchers",
    "permissions": [
      60,
      61,
      64,
      70,
      72,
      74,
      76,
      80,
      84,
      92
    ]
  }
},
{
  "model": "sessions.session",
  "pk": "41tol3tw5n2882iqymxrfgnzmeo3mhrp",
  "fields": {
    "session_data": "ZDk4ODFkZmIxMGUzNmIyMDNkYmNiOTU4NDQ3NjcwNTc0ODQ3MzBkNTp7InRyYWNraW5nX2lkIjoiMTE1NzkyZDI1ZWVhZjc3OTZlNTkxOWRiODU0MTQ1MDExZDRmYWZhYWU0ZTNjODk1Njg2MWYxMjM3ZGI2ZGU4YSJ9",
    "expire_date": "2020-08-22T20:00:27.181Z"
  }
},
{
  "model": "sessions.session",
  "pk": "43rlubaq1oc911vhl6vy05i7rba7qmoy",
  "fields": {
    "session_data": "NDc5MTIzODhkZjIzOGM1M2IxNWZiMGQ5NjNhMTljZTgzMGUyOGRmYTp7InRyYWNraW5nX2lkIjoiZDFhZDg2NjIzZmYzOWZhZjI1OTJlOTQzMDE4NjgwMmIxM2JiMzMwOWFlZWFjZDhlZTg0NGExZjY5YjdiMzM1NiJ9",
    "expire_date": "2020-08-22T19:42:04.339Z"
  }
},
{
  "model": "sessions.session",
  "pk": "58383ljtsvadb92dw06gzsf4kr0ov1ba",
  "fields": {
    "session_data": "MzIyNmQwNzQzY2RjYjU2NTU3ZDdhYmExNzhmODg3OTY5NzgxMTRjYTp7InRyYWNraW5nX2lkIjoiM2M0NmNjNWUwZDYwMjU1M2YyNjc4ZWQyMmI2ZjMyZmY0ZmY3N2JhNjVmZmQzY2Q1ZTIwZGY2MDMwN2ExZDE3MiJ9",
    "expire_date": "2020-08-22T19:47:42.893Z"
  }
},
{
  "model": "sessions.session",
  "pk": "5ekivs8aycg8axy23imv6dvn6pfd8vxi",
  "fields": {
    "session_data": "OWFmNzI4ODNhYWYzODU2MzE5ZjdmM2VhNjRjMDI4MjJkN2I1N2U1Zjp7InRyYWNraW5nX2lkIjoiZjJmNDE4Yzk5MmYxOGNhOGU3YzVmMDFmOTMwMjdkMWU5OGVmYzhkNDc5NzYyNWQxNDVkZjRmY2QyMWUyOGUxMyJ9",
    "expire_date": "2020-08-22T20:35:10.648Z"
  }
},
{
  "model": "sessions.session",
  "pk": "74riqji6cdsf3xvef7zzsey00zayt94k",
  "fields": {
    "session_data": "MDZmMzMyNTc3NmFjYzc2Nzk4NGI5ZDE2MDI1MjUwZDdlNjQxYTcwMDp7InRyYWNraW5nX2lkIjoiMWE5ZTYzYzZjMjE2ZWJjNjQzNDJjNjk5ODQ2YzA0ODIzOTVjNDcxYzgwZTAyMDMyZWIwNWRhNGY5NzE2NWM4OCJ9",
    "expire_date": "2020-08-22T20:03:54.843Z"
  }
},
{
  "model": "sessions.session",
  "pk": "7jmv4syqpzhv4svkv4diho31nhvcvxjq",
  "fields": {
    "session_data": "YTYyMzQ3NmY4OWJhODY4NTM5NWZiNmI4MDhhYzg2NDQ2OWQzNTllNjp7InRyYWNraW5nX2lkIjoiNGIwNTRkM2M4MGRjNjRiYzZiMTU2YjVhY2Y0MGM2MmIxZjEyMzk5ZWM4MmYyNDNkZTQ3YWU5MTMwOTQzNzA4YiJ9",
    "expire_date": "2020-08-22T20:36:05.697Z"
  }
},
{
  "model": "sessions.session",
  "pk": "889h96jgex7k8uhsd9ydiwuuf0o4byzk",
  "fields": {
    "session_data": "YzZiYTlhMzg0NzU4MDg5MGUxZmUzZmI3YjFmZDdhN2Y1MzY1OGJiYTp7InRyYWNraW5nX2lkIjoiMjViNDA5YmIxYjgzMTdkNzkzZTYzOTJjNGM2MjQyZDlmZGQxNjZmZmQzYzY3NjBkNGVhODc5OTI3NmM1MDhhYyJ9",
    "expire_date": "2020-08-22T19:56:24.794Z"
  }
},
{
  "model": "sessions.session",
  "pk": "8d5snunjuwg3srq37e5gi06ssm9wi6i3",
  "fields": {
    "session_data": "NWZlNzY2MjJhMWQ0ZGE3MmNmMTUyOTI0MzQ0ZmM5YWE3YTBlMjA4Nzp7InRyYWNraW5nX2lkIjoiZWM1MDQ3N2ZmNTIyM2RhZDIzMTRhMjQ3ZjI2MjEzODcyNGJlOGZjYzIxNGI4Njg4YmJhMGJmOGU2YmQ1M2VjMiJ9",
    "expire_date": "2020-08-22T19:41:40.105Z"
  }
},
{
  "model": "sessions.session",
  "pk": "8ejfmektoszqd98hi5osc496f9av4e9a",
  "fields": {
    "session_data": "MmRmOGZiMWY2YzhhZjZkY2U1YmQwMzY0MjAxMzkwMWI5YjUzZGYzYTp7InRyYWNraW5nX2lkIjoiNGU0M2NmYWZkYThmNTg3MTRjNzI0N2RmZjQwN2VjZDEzZDc1YmVlZDZiZGEzOWJlZTk2ZDIzNDcxYmFiNGQ0ZCJ9",
    "expire_date": "2020-08-22T20:35:00.331Z"
  }
},
{
  "model": "sessions.session",
  "pk": "8hpngw5a5q4d6xbhm31a0632qw3l0p5s",
  "fields": {
    "session_data": "YjNlZWVmN2JkMTAyYTFlYTYxNTQyOTgzNGFmOTk5MjM5YTM1OTQ3Njp7InRyYWNraW5nX2lkIjoiMjdjODgyMWQ2MDhiNTEzYmFjOGM4OTgzZjdmZDM5YjE4Y2MzMWJkMjk3YjlmYjE2ZTVkMWMwNDcxMTBjNWVjZCJ9",
    "expire_date": "2020-08-22T20:35:10.644Z"
  }
},
{
  "model": "sessions.session",
  "pk": "8if3m4u1zmk38821dsju5iprbhy5jwz9",
  "fields": {
    "session_data": "ZjVhOTUxZTBiZDZiOGRhZjdjMmU4ZGZiM2IxOTQzODJmM2RiNDBjMzp7InRyYWNraW5nX2lkIjoiMWFkNTg4ZTcxOTU4YzMzYmYwMDRhZTkxZmMxZjBiZDUwNjgxOWIwZWE3MjYwNjZlMzQwMzhmOWZiMTA5MTM1OSJ9",
    "expire_date": "2020-08-22T20:35:09.598Z"
  }
},
{
  "model": "sessions.session",
  "pk": "8vbtwt88c7lbmvg58i5kd2qo5pq5g49z",
  "fields": {
    "session_data": "ZGZhYzdjNzM3YjYwMTk1ODVmNGVhYTYwOGVlNmRhZWY3NDUyZjlhYTp7InRyYWNraW5nX2lkIjoiNjJiZDcyNjVkN2E5OTNiOTQ5OGEwNTRiM2VmZjc3MjAwNjA3ZjE4NjljMTgzMjZkNTk3ZDg0NmExYTQ1Nzk1MyJ9",
    "expire_date": "2020-08-22T20:35:01.705Z"
  }
},
{
  "model": "sessions.session",
  "pk": "9i6ecoleqv1ymyx4tqxl6t1al0eh9i5d",
  "fields": {
    "session_data": "N2U2MTZmYTY5ZTM1Yjg4YmEzMTFjODcxNThmODU0NjgwZDgxYTNmMTp7InRyYWNraW5nX2lkIjoiZmY5ZTZhZGQ1MDJmNTU2ZjAyY2I4NmE0ZjAyYjBmYmJhZmZjNGJkM2EwODgxOTY4NjQ1NWYwZjA0ZjYyNTkzOSJ9",
    "expire_date": "2020-08-22T20:35:09.317Z"
  }
},
{
  "model": "sessions.session",
  "pk": "9il1a7aa2ekbf7f9mefofwifaqnxt4cb",
  "fields": {
    "session_data": "MjBmMzgyN2VmZjZmMzMzM2Q2OGE1NzU4MjkzZjk4MWVkZThlYWM5ZTp7InRyYWNraW5nX2lkIjoiMTRjNjk1MjA3ZjY4MWJlOGJiMDlmOTcxZjZiZTEyYTVmYWU4N2QxZDdjNjk5OTMyMTM5NzI1NjI1ZGMyMzcyNiJ9",
    "expire_date": "2020-08-22T20:36:06.296Z"
  }
},
{
  "model": "sessions.session",
  "pk": "axhrttwxkn1s2g2as8n4yf1bnxya96ah",
  "fields": {
    "session_data": "NjU4Mzg1ZWI4NTZiMWRkMzAzN2FiOWIyYzVlZGI4OTEwZjYyMGZmNjp7InRyYWNraW5nX2lkIjoiZTNjOTUwYzE3OGVkNmI2YTQwMTYyYzlmYTJkMTkyNzYzODc5NDRmNTEwNDllNjI2N2FiNWNlYjc5NWQ1MDYzZSJ9",
    "expire_date": "2020-08-22T20:00:11.504Z"
  }
},
{
  "model": "sessions.session",
  "pk": "b1aoftkay8764sbpjzautemfnuceipqf",
  "fields": {
    "session_data": "MWI1ODA4ZTc4NWFlZWViZjFjMDdmNGNiZjFhMzY4OTVkMGMwODAyNzp7InRyYWNraW5nX2lkIjoiZDkxYjViMjNlZTU1OGJmMTRhOGViNTRjM2IxMTYxZTgyYWI5ZjgwZTgwOTBmYjY0ZDQxMzY1MDIwNzg3YmI4ZiIsIl9hdXRoX3VzZXJfaWQiOiIyIiwiX2F1dGhfdXNlcl9iYWNrZW5kIjoiZGphbmdvLmNvbnRyaWIuYXV0aC5iYWNrZW5kcy5Nb2RlbEJhY2tlbmQiLCJfYXV0aF91c2VyX2hhc2giOiI0MzRhMzNjNDBmNGUzOGUzYmU4NmQ1OGIzMmVlNmQwM2QwYzkyZjgzIn0=",
    "expire_date": "2020-08-22T20:44:00.409Z"
  }
},
{
  "model": "sessions.session",
  "pk": "ba1mmkregmujsp9n1qv8m9mby5dkrmui",
  "fields": {
    "session_data": "NTExZjJmYTdkNDBlZTg4NWExMDYyOGNjYjNhOTM1YWE5YTFiOWI3ZTp7InRyYWNraW5nX2lkIjoiODQ1ODZhZDhlMTZlY2QyZDU5NmQ3Y2Q0MjkxNTgzZGIwNWYyNTgyOWRmZTEyOWZmNzYwYWM0NmY4YmZiZDViYyJ9",
    "expire_date": "2020-08-22T20:00:27.391Z"
  }
},
{
  "model": "sessions.session",
  "pk": "bjomzjyxckn3vgs5vnnh8a3pm17hhcmx",
  "fields": {
    "session_data": "ZGNhNzQ2ZTg1ZmQ5Y2M1NmYzZWNmNGMzNTk1YzIyNjFhMTYyMDI0Yzp7InRyYWNraW5nX2lkIjoiMmExZTA0OThkNzc1ODBmYmFhMmE1Y2JlYjIwNTg5YmRlODRhYWNjYjA0MDU3Zjg4N2Q2MjA5M2RkYTQ0YzY1MyJ9",
    "expire_date": "2020-08-22T20:35:00.300Z"
  }
},
{
  "model": "sessions.session",
  "pk": "dhkgsgwf88bewv7rindakl73y7cqexn3",
  "fields": {
    "session_data": "ZTQ0NTQ1MjUzYTU4MDQzMzZjM2QwZWNjNGJkY2YyMjExZTBiNzQzYzp7InRyYWNraW5nX2lkIjoiZDY3NDQxZmI5NjYwNjBmOTQ2NmY1MDJhNTc2ZGJjMDMxOGNiNTk2OWZmN2Y0N2ZjMjY3NGE5Y2NkYjY2ZTQyMSJ9",
    "expire_date": "2020-08-22T20:35:06.903Z"
  }
},
{
  "model": "sessions.session",
  "pk": "dkln6up2q07xrlzb3z37aae9tzd0y8aq",
  "fields": {
    "session_data": "YmY2NjE2Yjk4YjFmMmUzNDhjZGI4ZGViMGM2ZTkwZGJjYzRjYzgwOTp7InRyYWNraW5nX2lkIjoiMGM5ZmIyMjgxODkwMDQ2YmYzOTBhZTkxNDgwZjYyMDA0NTMzNTBjMWVhMGI5NTRmOTRlYWY0Njk0NTA0ZWQ4OSJ9",
    "expire_date": "2020-08-22T20:00:11.667Z"
  }
},
{
  "model": "sessions.session",
  "pk": "dti3uoc4u6n541bxqgdvql4z8jr4x6xz",
  "fields": {
    "session_data": "OGVhZThjOTM2ZTVlMzVlNjE3NDEwODYyYTViNzcwOTM3ZjI0ZmNjYzp7InRyYWNraW5nX2lkIjoiMzA5ZjNlM2Y2NWFkNDViYzM4ZDI3MDI1YzY1MjllMWI0NmYwODdlM2EzODU5YjM4MDllYzg1NzczNjZmNzYwNCJ9",
    "expire_date": "2020-08-22T20:35:07.068Z"
  }
},
{
  "model": "sessions.session",
  "pk": "g2yjgy5uu8u8c9ixxanp5k0wh44mi4jy",
  "fields": {
    "session_data": "YTYwNTA2MjMyNDU1MjkxNWMyMDQ3MDgyY2M1ODlkMmYxMTliNWE3Nzp7InRyYWNraW5nX2lkIjoiZjZiZDAwYTA1MGYwN2VmMjczNmRkZWJjYThlZTdkMGNhNDRmZGE0ZmVmNjhjN2FkZjBhNTUwOTU1NTFlYWYxYyJ9",
    "expire_date": "2020-08-22T20:35:09.193Z"
  }
},
{
  "model": "sessions.session",
  "pk": "gl248f6g0zex8sp21wxg5z2a94fuklsu",
  "fields": {
    "session_data": "ZDAwZjFlMmQ2YTFlZmQ3NjAxNGMzMTNiNTk2NmEzZDQzMGFkZTliYTp7InRyYWNraW5nX2lkIjoiMTFlNWRjZTEzYmY3YjcyMWIxNTQ0Y2JjMzBmNzE2MjVmNTNkMWI1YmIyMDQ4ZmMyZDA5ZWZlZGYyNWI1ZGZlOSJ9",
    "expire_date": "2020-08-22T20:35:10.597Z"
  }
},
{
  "model": "sessions.session",
  "pk": "gojiztyog8yn1ncrj7j82di3fobvpsos",
  "fields": {
    "session_data": "YTNhZTU2ZWM0M2Q1MTczZjc3NDIyNDk1YmQyZjAxMzcyOGQ0YWQ2Yjp7InRyYWNraW5nX2lkIjoiN2Q5OTkyNmRiMzg0ZWIwZjM2MjhlNjRiNzEwNjNhYTQ3YWE0YzkwNzMxMWQxMWFlNTI5Yjg5ZmZmYjJiOGYxZSJ9",
    "expire_date": "2020-08-22T20:35:06.802Z"
  }
},
{
  "model": "sessions.session",
  "pk": "hx85i581di2cbehtt4mkulum7125un0i",
  "fields": {
    "session_data": "M2U0MTE0YjNjYzAzOWJjNWJjZWRiYjFiNDZiNGM1NTdlMzYwYmUwNDp7InRyYWNraW5nX2lkIjoiYjYwMzg1ZTA2YjNlYzM2N2MyZGVhNmRiNGZjZTAwZDk4ZjFlMGE1YTA5NjAxMmZjNDI2Y2NhYmIyNjQ4ZTA0OSJ9",
    "expire_date": "2020-08-22T20:47:39.885Z"
  }
},
{
  "model": "sessions.session",
  "pk": "i6d5dgooahbis6h2awfbwbsaw6s9q000",
  "fields": {
    "session_data": "ODM3M2NlY2YwMTU3N2MwZGQ1ZTk1ODg3OTI3Zjg2ZDJjZjYxYTQzYjp7InRyYWNraW5nX2lkIjoiOWU5MGMxYWUwN2VkZGU2Y2YyYjZjNWI1NzMzN2EyOGM1MGZmOGFiMTRkM2I5ZTY2NTZhNjFkNWU3NTkwMjM2NyJ9",
    "expire_date": "2020-08-22T20:36:45.031Z"
  }
},
{
  "model": "sessions.session",
  "pk": "jq1woojxq4uwfulr1lupdan28yt7p31z",
  "fields": {
    "session_data": "MGE4MmVhOTE2YjE1ZjJhOTAyMzZlNzA5MzhhODEyMzQ1Y2FmYzJkZTp7InRyYWNraW5nX2lkIjoiNzFiYTAxYWQwZjQ1YTcyY2Y1MTM3NmQxZDRlNzk1ZWI1YWI3MTJlZDM0NTNiYTZhOGFmZjJiZmQ5MDlhZWQzZCJ9",
    "expire_date": "2020-08-22T20:35:09.614Z"
  }
},
{
  "model": "sessions.session",
  "pk": "l7im740hwkytxq4cjvgm91dib3xyol80",
  "fields": {
    "session_data": "MTdmYzc0N2I2ZTAyNTIzZDhhYzM4YzAyNGI4MTM2M2I3OTZkNzRiYjp7InRyYWNraW5nX2lkIjoiYTA1YWVkNGI3ZTQ4MTExNWQ1NjliMTFiN2M1NDdhMDA2ODY5NTQ1YTk4MzA2MWU3ZjgzY2FjMDgyOWJjNjdlZCJ9",
    "expire_date": "2020-08-22T20:35:06.426Z"
  }
},
{
  "model": "sessions.session",
  "pk": "lukdlctbuj2wf7vjazp1q0weblia0vv8",
  "fields": {
    "session_data": "ZmIyNzRmMWZlZTM0Mjg0OWQwMjZiOTZjNDFiYWI1YzhhODFmNDEzNDp7InRyYWNraW5nX2lkIjoiMzBkMTNmZjcyYzI1MmFhZjU4YTYwODJmYTEzMTViNTA1NjJhNjA4OWJmNjQzZjUwZjk1N2RkMmNmZTgwYmRjYiJ9",
    "expire_date": "2020-08-22T20:03:56.129Z"
  }
},
{
  "model": "sessions.session",
  "pk": "neg1o6d3a6qf5ggzriaaa975u8lww42o",
  "fields": {
    "session_data": "YzVmOGQ0NmE1Y2E2YTM1MzBhNTFiNTRmZmE4Zjc1N2FkMTU2OWYxYzp7InRyYWNraW5nX2lkIjoiZjVjOTAzYTA2NTU1ZmM2MzhjZWFhZjFjYWYyMjFhYzc1MmEzMDdlNzNmNDVlNzVkNmZjNTUwNzhmYWY1ZDc1YiJ9",
    "expire_date": "2020-08-22T20:34:58.724Z"
  }
},
{
  "model": "sessions.session",
  "pk": "ojvc6hi23xlp0peu5yx0owlrvz2xx09s",
  "fields": {
    "session_data": "OTcxZjA5Yjk3MWJjYjE2ODM1YWU3MjdhMDA0YWJhNDZmYWRhYTZiNTp7InRyYWNraW5nX2lkIjoiZjI3ZGQzMWY0NTU4OTVlNTExNDQ5ZmYyN2ZlM2MyOGU1ZDFhOTFmMDM3Y2E2Nzg3OTI2NTc5Yzc3ZjI5YjA2NCJ9",
    "expire_date": "2020-08-22T20:34:52.135Z"
  }
},
{
  "model": "sessions.session",
  "pk": "otpb0vyuxmuvbke1gulhbv3dti4napue",
  "fields": {
    "session_data": "OGM2MGQwNzQ0OTNiODYwM2NmNjQ5ODVmZjQxZjMyZmI0NzE5NDAwZDp7InRyYWNraW5nX2lkIjoiMGRjODM4OWRjODg3NmY5NDljNWVkODY3ZGY5NTZhMWU5NjI4NWVkNjc0MTU5MzNjZTcyOTc3YmYwMGVlM2NkNiJ9",
    "expire_date": "2020-08-22T20:47:33.013Z"
  }
},
{
  "model": "sessions.session",
  "pk": "p1yopyljnf2lx5e8daklkqe2lc71myo3",
  "fields": {
    "session_data": "MjhkYWI4YTNmMzk0NmI3MDY5MGRkNjI4MGFkMDZhNGIwZWFkYzZhZDp7InRyYWNraW5nX2lkIjoiNDY1MjkzOWZiZGU3ZGE5MDcyNTFjZWVmMWFkNTE1ZGM2NjlkMjVhZWE0ZDhlZmE2NmRkNDY4MDliY2RmMzIzMiJ9",
    "expire_date": "2020-08-22T20:35:45.883Z"
  }
},
{
  "model": "sessions.session",
  "pk": "q2acuy4ajjlm9daa1lqw8jwbip6m9hyf",
  "fields": {
    "session_data": "MDZiMzRjNjlkN2I4OGM5MmQ2YWNjYjEwZWMxZjYzMjU2NWMyOTRhNTp7InRyYWNraW5nX2lkIjoiMjQxYjUyZGVlNzk3YzM0MWE3M2JiMzdlOTc3NWVmNmQ4ZjMyNWE2YThhMDA4ODc4ZmRhZjc3ZWUwOTUxMDFjYyJ9",
    "expire_date": "2020-08-22T20:35:01.588Z"
  }
},
{
  "model": "sessions.session",
  "pk": "qzs5qhvffspt9mfq26w73zp1uhy3jthf",
  "fields": {
    "session_data": "MDM2ZDJjOGNlZGI0Mzk2NjZhM2ViNzhlMzI4ZjY5NTY0YTk3NWNjNDp7InRyYWNraW5nX2lkIjoiNGQzMmExNTViNWI2NjJjNzhmNGEzYThhMjI5NzQyYjI5MmJlODA2MDlmNDg4NDgwMzcwNTc4ZmExNWJjYzgyOCJ9",
    "expire_date": "2020-08-22T19:41:41.699Z"
  }
},
{
  "model": "sessions.session",
  "pk": "rjgxah06u3doze67f88eay1c09ascv2b",
  "fields": {
    "session_data": "ODc0NzYxYWI4OTYyMzFkZDg4OTgxMzdlNGE0NjhmYjdkNzAxMWY1ZTp7InRyYWNraW5nX2lkIjoiMzAwYjFmNGU5MDQ4ZGMzMjY1M2ViY2MyMDU0ODQ5NTVjMWNjMzEzYTJjNWU0OGMxOGFjZjc0NDM2NjNjMjMzYiJ9",
    "expire_date": "2020-08-22T20:35:10.077Z"
  }
},
{
  "model": "sessions.session",
  "pk": "rwj5ij5a256dreqz6e9nlu31ug447lrk",
  "fields": {
    "session_data": "ZjczMjFjOTM5NDFlNWI4ODE0MDg4YjRlOTVkYmZiMzhjYzE0NGJiMDp7InRyYWNraW5nX2lkIjoiMjNiMjE2MzRmZTVkMDlmMWNhN2MzMzAyNmViYTQyMzM5YWEyYTAxNjJkY2RiZDY4OGYzNDhkNzQ0MWQwNTZjMiJ9",
    "expire_date": "2020-08-22T20:35:00.319Z"
  }
},
{
  "model": "sessions.session",
  "pk": "wam0v1gz9vjgzrbhc5sqzs3p1sr47ilq",
  "fields": {
    "session_data": "MGI0NzJlMzE2NmE0YmM3MWU1MjQwYzZjOWMyYzNkYjcyZTVjNTk0MDp7InRyYWNraW5nX2lkIjoiYTIxYzVlYTY2MGZlZTExNjYwYTRkYzkzMWQ1ZjY0Yzk5YWVjZDdjNzI2MTk2MTc0YzVhODUwOTQ3ZGYyYmQ2MCJ9",
    "expire_date": "2020-08-22T20:35:10.106Z"
  }
},
{
  "model": "sessions.session",
  "pk": "yu0m1hxnv0iteda2l2ouq8dxevqxy660",
  "fields": {
    "session_data": "NjQ2YmU3MmY2YzQzY2ViOTBjNTlmMDFkYjJjODZjZWM4MTZjMjFkZTp7InRyYWNraW5nX2lkIjoiNWFhNzViNzlkNTk3NjE5MDU1NjZhMWQwOTQ2ZWFjNTNmMjg4NWU3YTRiYTYyMWU2MjY3OThhZGIyY2Q1NjhjMyJ9",
    "expire_date": "2020-08-22T19:47:42.475Z"
  }
},
{
  "model": "sessions.session",
  "pk": "zelse21crgr30jvag73832bd2e7kfir7",
  "fields": {
    "session_data": "NTJiOGZmOTc5MDBhNWIxNGU5M2QwOTBkOTc0MDM5ZWQ1MDJlZTNiNzp7InRyYWNraW5nX2lkIjoiYzE3YWIwNWI4NzRjMWMzNTM3MTBmOGEzN2FjYTRhNTczNzU4MGNmMDNiNzJlOWRmMDgwZmNlM2U1ZjJjNjg3NiJ9",
    "expire_date": "2020-08-22T20:35:10.113Z"
  }
},
{
  "model": "sessions.session",
  "pk": "zuxx12lruq90ul5p0djggiz0dk534xje",
  "fields": {
    "session_data": "NTE5MjI2YWI1ZjFkMTRkMzA0ZDRiZjhkODRiZDQ1OTY0OTNmYTBjZTp7InRyYWNraW5nX2lkIjoiMTliOTkwYWIxMDg5NjU4YzM4MTg0MGRjNzlhMDhiM2M3ODMzOWU2MjZiNDFjZmYwZDQ4ZGNhNjNkZTc5OGYzNyJ9",
    "expire_date": "2020-08-22T20:15:45.997Z"
  }
},
{
  "model": "sites.site",
  "pk": 1,
  "fields": {
    "domain": "example.com",
    "name": "example.com"
  }
},
{
  "model": "users.user",
  "pk": 1,
  "fields": {
    "password": "pbkdf2_sha256$180000$BQWHfLfU4uWd$FPjOBPPsL2VsZPFxpOTdYcR6mrIVCeZJ+u2J/R51NTU=",
    "last_login": "2020-08-08T20:43:22.527Z",
    "is_superuser": true,
    "first_name": "",
    "last_name": "",
    "is_staff": true,
    "is_active": true,
    "date_joined": "2020-08-01T04:56:02.773Z",
    "email": "danielmakori0@gmail.com",
    "groups": [],
    "user_permissions": []
  }
},
{
  "model": "users.user",
  "pk": 2,
  "fields": {
    "password": "pbkdf2_sha256$180000$jf1pspAkEohB$2utZu2eAjPlxBjY54TgBhFsF7kI+UEgvpG7sHpLbFsM=",
    "last_login": "2020-08-08T20:44:00.306Z",
    "is_superuser": true,
    "first_name": "",
    "last_name": "",
    "is_staff": true,
    "is_active": true,
    "date_joined": "2020-08-01T05:00:14Z",
    "email": "dmakori28@gmail.com",
    "groups": [],
    "user_permissions": []
  }
},
{
  "model": "users.user",
  "pk": 3,
  "fields": {
    "password": "pbkdf2_sha256$180000$daTMrtEVQttf$QkbuD+DJZ4jOMhX7X+JTac3yb7XZC3/TNVebw6hS+k4=",
    "last_login": "2020-08-08T04:12:48.328Z",
    "is_superuser": false,
    "first_name": "",
    "last_name": "",
    "is_staff": false,
    "is_active": true,
    "date_joined": "2020-08-01T12:27:55.813Z",
    "email": "jacyboss@gmail.com",
    "groups": [],
    "user_permissions": []
  }
},
{
  "model": "users.profile",
  "pk": 1,
  "fields": {
    "user": 1,
    "image": "default.svg",
    "phone": null
  }
},
{
  "model": "users.profile",
  "pk": 2,
  "fields": {
    "user": 2,
    "image": "default.svg",
    "phone": null
  }
},
{
  "model": "users.profile",
  "pk": 3,
  "fields": {
    "user": 3,
    "image": "default.svg",
    "phone": null
  }
},
{
  "model": "categories.category",
  "pk": 1,
  "fields": {
    "category_name": "Art & Craft",
    "slug": "art-craft",
    "description": "What would you love more? Get modern art from Africa and beyond",
    "is_active": true,
    "image": "images/category/c241cb3cb4a5d098c8464e32a5acef66.jpg",
    "meta_keywords": "Art,3D,Design",
    "meta_description": "African Art and Craft and Designers work.",
    "created_at": "2020-06-22T16:13:45.964Z",
    "updated_at": "2020-07-21T17:25:06.406Z"
  }
},
{
  "model": "categories.category",
  "pk": 2,
  "fields": {
    "category_name": "Fashion",
    "slug": "fashion",
    "description": "Quality dresses at Affordable rates",
    "is_active": true,
    "image": "images/category/beach-towel-in-wind.jpg",
    "meta_keywords": "Maasai, Shuka, kenyamaasai,kitenge,africankitenge",
    "meta_description": "African wear in kenya, Maasai community. Available for shipment at affordable prices",
    "created_at": "2020-06-22T16:44:23.817Z",
    "updated_at": "2020-08-06T18:12:25.964Z"
  }
},
{
  "model": "categories.category",
  "pk": 3,
  "fields": {
    "category_name": "Electronics",
    "slug": "electronics",
    "description": "Electronics",
    "is_active": true,
    "image": "electronics3.jpg",
    "meta_keywords": "Electronics, cameras, phones",
    "meta_description": "Get cheap cameras today",
    "created_at": "2020-06-23T03:20:54.103Z",
    "updated_at": "2020-08-06T18:12:25.919Z"
  }
},
{
  "model": "categories.category",
  "pk": 4,
  "fields": {
    "category_name": "Sokoni",
    "slug": "sokoni",
    "description": "Fresh from the Farm products",
    "is_active": true,
    "image": "images/category/LocalFarm.jpg",
    "meta_keywords": "Fresh,Farm products, Gloceries,",
    "meta_description": "Fresh from the Farm products",
    "created_at": "2020-06-23T14:38:54.074Z",
    "updated_at": "2020-08-06T18:12:25.827Z"
  }
},
{
  "model": "categories.category",
  "pk": 5,
  "fields": {
    "category_name": "Camera & Photo",
    "slug": "camera-photo",
    "description": "Get quality cameras",
    "is_active": true,
    "image": "images/category/15.jpg",
    "meta_keywords": "Electronics, cameras, phones",
    "meta_description": "Get cheap Electronics",
    "created_at": "2020-06-23T20:03:48.402Z",
    "updated_at": "2020-07-21T17:24:31.315Z"
  }
},
{
  "model": "categories.category",
  "pk": 12,
  "fields": {
    "category_name": "Gloceries",
    "slug": "gloceries",
    "description": "",
    "is_active": true,
    "image": "",
    "meta_keywords": "",
    "meta_description": "",
    "created_at": "2020-08-06T18:06:27.699Z",
    "updated_at": "2020-08-06T18:12:25.827Z"
  }
},
{
  "model": "categories.category",
  "pk": 13,
  "fields": {
    "category_name": "Cellphones",
    "slug": "cellphones",
    "description": "",
    "is_active": true,
    "image": "",
    "meta_keywords": "",
    "meta_description": "",
    "created_at": "2020-08-06T18:06:27.813Z",
    "updated_at": "2020-08-06T18:12:25.922Z"
  }
},
{
  "model": "categories.category",
  "pk": 14,
  "fields": {
    "category_name": "WomenFashion",
    "slug": "womenfashion",
    "description": "",
    "is_active": true,
    "image": "",
    "meta_keywords": "",
    "meta_description": "",
    "created_at": "2020-08-06T18:08:27.414Z",
    "updated_at": "2020-08-06T18:12:25.969Z"
  }
},
{
  "model": "me2ushop.product",
  "pk": 1,
  "fields": {
    "title": "Dragon Touch 4K Action Camera",
    "seller": 1,
    "slug": "dragon-touch-4k-action-camera",
    "brand": "Makori Store",
    "stock": 200,
    "in_stock": false,
    "price": "200.00",
    "old_price": "0.00",
    "made_in_africa": true,
    "is_active": true,
    "is_bestseller": true,
    "is_featured": false,
    "description": "Get quality cameras",
    "additional_information": "",
    "meta_keywords": "Electronics, cameras, phones",
    "meta_description": "Get cheap Electronics",
    "created_at": "2020-07-30T19:42:29.177Z",
    "updated_at": "2020-08-06T15:26:05.555Z",
    "category_choice": "Ca",
    "label": "S",
    "product_categories": [
      5,
      3
    ]
  }
},
{
  "model": "me2ushop.product",
  "pk": 2,
  "fields": {
    "title": "Farm Vegetables",
    "seller": 1,
    "slug": "farm-vegetables",
    "brand": "Gloceries & Vegetables",
    "stock": 5,
    "in_stock": false,
    "price": "20.00",
    "old_price": "0.00",
    "made_in_africa": true,
    "is_active": true,
    "is_bestseller": false,
    "is_featured": true,
    "description": "Farm products",
    "additional_information": "",
    "meta_keywords": "Fresh,Farm products, Gloceries,",
    "meta_description": "Fresh from the Farm products",
    "created_at": "2020-07-31T11:18:53.010Z",
    "updated_at": "2020-08-06T15:25:36.259Z",
    "category_choice": "So",
    "label": "P",
    "product_categories": [
      1,
      3,
      4
    ]
  }
},
{
  "model": "me2ushop.product",
  "pk": 3,
  "fields": {
    "title": "Denim",
    "seller": 1,
    "slug": "denim",
    "brand": "Jeans Wear",
    "stock": 1,
    "in_stock": true,
    "price": "200.00",
    "old_price": "0.00",
    "made_in_africa": true,
    "is_active": true,
    "is_bestseller": false,
    "is_featured": false,
    "description": "Buy denims",
    "additional_information": "",
    "meta_keywords": "Denim, Men Wear",
    "meta_description": "Get Denims at affordable price",
    "created_at": "2020-08-06T15:15:49.149Z",
    "updated_at": "2020-08-06T15:20:56.064Z",
    "category_choice": "Fa",
    "label": null,
    "product_categories": [
      2
    ]
  }
},
{
  "model": "me2ushop.product",
  "pk": 27,
  "fields": {
    "title": "Mangoes",
    "seller": 3,
    "slug": "mangoes",
    "brand": "African kitenge",
    "stock": 0,
    "in_stock": true,
    "price": "20.00",
    "old_price": "0.00",
    "made_in_africa": false,
    "is_active": true,
    "is_bestseller": false,
    "is_featured": false,
    "description": "from the north",
    "additional_information": "",
    "meta_keywords": "Maasai, Shuka, kenyamaasai,kitenge,africankitenge",
    "meta_description": "Fresh from the Farm products",
    "created_at": "2020-08-06T18:12:25.827Z",
    "updated_at": "2020-08-08T03:50:46.090Z",
    "category_choice": "Be",
    "label": null,
    "product_categories": [
      12,
      4
    ]
  }
},
{
  "model": "me2ushop.product",
  "pk": 28,
  "fields": {
    "title": "Samsung",
    "seller": 2,
    "slug": "samsung",
    "brand": null,
    "stock": 0,
    "in_stock": true,
    "price": "6.00",
    "old_price": "0.00",
    "made_in_africa": false,
    "is_active": true,
    "is_bestseller": false,
    "is_featured": false,
    "description": "Get huawei p30 at an affordable price",
    "additional_information": "",
    "meta_keywords": "Electronics, cameras, phones",
    "meta_description": "African Art and Craft and Designers work.",
    "created_at": "2020-08-06T18:12:25.916Z",
    "updated_at": "2020-08-08T03:50:11.121Z",
    "category_choice": "Fa",
    "label": null,
    "product_categories": [
      13,
      3
    ]
  }
},
{
  "model": "me2ushop.product",
  "pk": 29,
  "fields": {
    "title": "Tops",
    "seller": 1,
    "slug": "tops",
    "brand": null,
    "stock": 0,
    "in_stock": true,
    "price": "13.00",
    "old_price": "0.00",
    "made_in_africa": false,
    "is_active": true,
    "is_bestseller": false,
    "is_featured": false,
    "description": "Get amazing lady tops",
    "additional_information": "",
    "meta_keywords": "Denim, Men Wear",
    "meta_description": "African wear in kenya, Maasai community. Available for shipment at affordable prices",
    "created_at": "2020-08-06T18:12:25.962Z",
    "updated_at": "2020-08-08T03:49:42.827Z",
    "category_choice": "Fa",
    "label": null,
    "product_categories": [
      2,
      14
    ]
  }
},
{
  "model": "me2ushop.productimage",
  "pk": 3,
  "fields": {
    "item": 2,
    "image": "images/products/electronics4_KVhCyqe.jpg",
    "in_display": true
  }
},
{
  "model": "me2ushop.productimage",
  "pk": 4,
  "fields": {
    "item": 3,
    "image": "images/products/electronics1_snsOZrU.jpg",
    "in_display": true
  }
},
{
  "model": "me2ushop.productimage",
  "pk": 7,
  "fields": {
    "item": 3,
    "image": "images/products/electronics2_FMMVH47.png",
    "in_display": false
  }
},
{
  "model": "me2ushop.productimage",
  "pk": 8,
  "fields": {
    "item": 28,
    "image": "images/products/jumpstory_pCUSp2O.jpg",
    "in_display": true
  }
},
{
  "model": "me2ushop.productimage",
  "pk": 9,
  "fields": {
    "item": 28,
    "image": "images/products/electronics3_nzF9g69.jpg",
    "in_display": false
  }
},
{
  "model": "me2ushop.orderitem",
  "pk": 2,
  "fields": {
    "user": 1,
    "cart_id": null,
    "date_added": "2020-08-08T18:19:02.522Z",
    "status": 10,
    "ordered": true,
    "item": 2,
    "quantity": 4
  }
},
{
  "model": "me2ushop.orderitem",
  "pk": 3,
  "fields": {
    "user": 1,
    "cart_id": null,
    "date_added": "2020-08-08T18:24:43.811Z",
    "status": 10,
    "ordered": true,
    "item": 3,
    "quantity": 1
  }
},
{
  "model": "me2ushop.orderitem",
  "pk": 4,
  "fields": {
    "user": 1,
    "cart_id": null,
    "date_added": "2020-08-08T20:42:22.662Z",
    "status": 10,
    "ordered": false,
    "item": 2,
    "quantity": 1
  }
},
{
  "model": "me2ushop.order",
  "pk": 2,
  "fields": {
    "user": 1,
    "cart_id": null,
    "status": 10,
    "ref_code": "dv7f5ku7tw5av8mq4qlj",
    "start_date": "2020-08-08T18:19:02.619Z",
    "order_date": "2020-08-08T18:34:47.334Z",
    "ordered": true,
    "payment": 1,
    "coupon": null,
    "being_delivered": true,
    "received": false,
    "refund_requested": false,
    "refund_granted": true,
    "email": "danielmakori0@gmail.com",
    "phone": "0738109428",
    "name": "Daniel Ogechi",
    "billing_address1": "UpperHill",
    "billing_address2": "",
    "billing_zip_code": "75104",
    "billing_country": "KE",
    "billing_city": null,
    "shipping_address1": "UpperHill",
    "shipping_address2": "",
    "shipping_zip_code": "75104",
    "shipping_country": "KE",
    "shipping_city": null,
    "items": [
      3,
      2
    ]
  }
},
{
  "model": "me2ushop.order",
  "pk": 3,
  "fields": {
    "user": 1,
    "cart_id": null,
    "status": 10,
    "ref_code": "",
    "start_date": "2020-08-08T20:42:22.728Z",
    "order_date": "2020-08-08T20:42:22.728Z",
    "ordered": false,
    "payment": null,
    "coupon": null,
    "being_delivered": false,
    "received": false,
    "refund_requested": false,
    "refund_granted": false,
    "email": null,
    "phone": null,
    "name": null,
    "billing_address1": "",
    "billing_address2": "",
    "billing_zip_code": "",
    "billing_country": "",
    "billing_city": null,
    "shipping_address1": "",
    "shipping_address2": "",
    "shipping_zip_code": "",
    "shipping_country": "",
    "shipping_city": null,
    "items": [
      4
    ]
  }
},
{
  "model": "me2ushop.address",
  "pk": 1,
  "fields": {
    "user": 1,
    "cart_id": null,
    "street_address": "UpperHill",
    "apartment_address": "",
    "country": "KE",
    "city": "",
    "zip": "75104",
    "address_type": "S",
    "payment_option": "",
    "default": true,
    "name": "Daniel Ogechi",
    "email": "danielmakori0@gmail.com",
    "phone": "0738109428",
    "date_updated": "2020-08-08T18:34:20.840Z"
  }
},
{
  "model": "me2ushop.address",
  "pk": 2,
  "fields": {
    "user": 1,
    "cart_id": null,
    "street_address": "UpperHill",
    "apartment_address": "",
    "country": "KE",
    "city": "",
    "zip": "75104",
    "address_type": "B",
    "payment_option": "",
    "default": false,
    "name": "Daniel Ogechi",
    "email": "danielmakori0@gmail.com",
    "phone": "0738109428",
    "date_updated": "2020-08-08T18:34:20.975Z"
  }
},
{
  "model": "me2ushop.stripepayment",
  "pk": 1,
  "fields": {
    "user": 1,
    "cart_id": null,
    "stripe_charge_id": "ch_1HDwsXJ8hLznEzSP1s5Zk1lp",
    "amount": "28000.00",
    "timestamp": "2020-08-08T18:34:47.272Z"
  }
},
{
  "model": "search.searchterm",
  "pk": 1,
  "fields": {
    "q": "denim",
    "search_date": "2020-08-08T18:25:19.808Z",
    "ip_address": "127.0.0.1",
    "user": 1,
    "tracking_id": "722d8c3c4be1c18f8fe2e709ab027449277d6623baee8cd59f130d6508a25e03"
  }
},
{
  "model": "search.searchterm",
  "pk": 2,
  "fields": {
    "q": "vegetables",
    "search_date": "2020-08-08T18:37:33.881Z",
    "ip_address": "127.0.0.1",
    "user": 1,
    "tracking_id": "722d8c3c4be1c18f8fe2e709ab027449277d6623baee8cd59f130d6508a25e03"
  }
},
{
  "model": "stats.productview",
  "pk": 1,
  "fields": {
    "date": "2020-08-08T18:18:49.457Z",
    "ip_address": "127.0.0.1",
    "user": 1,
    "tracking_id": "722d8c3c4be1c18f8fe2e709ab027449277d6623baee8cd59f130d6508a25e03",
    "valid_tracker": false,
    "product": 2
  }
},
{
  "model": "stats.productview",
  "pk": 2,
  "fields": {
    "date": "2020-08-08T18:32:05.156Z",
    "ip_address": "127.0.0.1",
    "user": 1,
    "tracking_id": "722d8c3c4be1c18f8fe2e709ab027449277d6623baee8cd59f130d6508a25e03",
    "valid_tracker": false,
    "product": 3
  }
},
{
  "model": "stats.productview",
  "pk": 3,
  "fields": {
    "date": "2020-08-08T19:41:38.949Z",
    "ip_address": "127.0.0.1",
    "user": null,
    "tracking_id": "ec50477ff5223dad2314a247f262138724be8fcc214b8688bba0bf8e6bd53ec2",
    "valid_tracker": true,
    "product": 3
  }
},
{
  "model": "stats.productview",
  "pk": 4,
  "fields": {
    "date": "2020-08-08T19:41:40.412Z",
    "ip_address": "127.0.0.1",
    "user": null,
    "tracking_id": "4d32a155b5b662c78f4a3a8a229742b292be80609f488480370578fa15bcc828",
    "valid_tracker": true,
    "product": 3
  }
},
{
  "model": "stats.productview",
  "pk": 5,
  "fields": {
    "date": "2020-08-08T20:03:53.619Z",
    "ip_address": "127.0.0.1",
    "user": null,
    "tracking_id": "1a9e63c6c216ebc64342c699846c0482395c471c80e02032eb05da4f97165c88",
    "valid_tracker": true,
    "product": 3
  }
},
{
  "model": "stats.productview",
  "pk": 6,
  "fields": {
    "date": "2020-08-08T20:03:55.059Z",
    "ip_address": "127.0.0.1",
    "user": null,
    "tracking_id": "30d13ff72c252aaf58a6082fa1315b50562a6089bf643f50f957dd2cfe80bdcb",
    "valid_tracker": true,
    "product": 3
  }
},
{
  "model": "stats.productview",
  "pk": 7,
  "fields": {
    "date": "2020-08-08T20:15:44.568Z",
    "ip_address": "127.0.0.1",
    "user": null,
    "tracking_id": "19b990ab1089658c381840dc79a08b3c78339e626b41cff0d48dca63de798f37",
    "valid_tracker": true,
    "product": 3
  }
},
{
  "model": "stats.productview",
  "pk": 8,
  "fields": {
    "date": "2020-08-08T20:44:07.079Z",
    "ip_address": "127.0.0.1",
    "user": 2,
    "tracking_id": "d91b5b23ee558bf14a8eb54c3b1161e82ab9f80e8090fb64d41365020787bb8f",
    "valid_tracker": false,
    "product": 2
  }
},
{
  "model": "stats.productview",
  "pk": 9,
  "fields": {
    "date": "2020-08-08T20:56:32.385Z",
    "ip_address": "127.0.0.1",
    "user": 2,
    "tracking_id": "d91b5b23ee558bf14a8eb54c3b1161e82ab9f80e8090fb64d41365020787bb8f",
    "valid_tracker": false,
    "product": 28
  }
},
{
  "model": "stats.productview",
  "pk": 10,
  "fields": {
    "date": "2020-08-08T21:08:56.661Z",
    "ip_address": "127.0.0.1",
    "user": 2,
    "tracking_id": "d91b5b23ee558bf14a8eb54c3b1161e82ab9f80e8090fb64d41365020787bb8f",
    "valid_tracker": false,
    "product": 3
  }
},
{
  "model": "admin.logentry",
  "pk": 1,
  "fields": {
    "action_time": "2020-08-08T18:24:43.848Z",
    "user": 1,
    "content_type": 19,
    "object_id": "3",
    "object_repr": "13 of Denim",
    "action_flag": 1,
    "change_message": "[{\"added\": {}}]"
  }
},
{
  "model": "admin.logentry",
  "pk": 2,
  "fields": {
    "action_time": "2020-08-08T18:33:39.425Z",
    "user": 1,
    "content_type": 18,
    "object_id": "2",
    "object_repr": "Order object (2)",
    "action_flag": 2,
    "change_message": "[{\"changed\": {\"fields\": [\"Being delivered\", \"Refund granted\"]}}]"
  }
},
{
  "model": "admin.logentry",
  "pk": 3,
  "fields": {
    "action_time": "2020-08-08T20:45:04.177Z",
    "user": 2,
    "content_type": 21,
    "object_id": "2",
    "object_repr": "ProductImage object (2)",
    "action_flag": 1,
    "change_message": "[{\"added\": {}}]"
  }
},
{
  "model": "admin.logentry",
  "pk": 4,
  "fields": {
    "action_time": "2020-08-08T21:08:39.268Z",
    "user": 2,
    "content_type": 21,
    "object_id": "2",
    "object_repr": "ProductImage object (2)",
    "action_flag": 2,
    "change_message": "[{\"changed\": {\"fields\": [\"In display\"]}}]"
  }
},
{
  "model": "admin.logentry",
  "pk": 5,
  "fields": {
    "action_time": "2020-08-08T21:10:36.165Z",
    "user": 2,
    "content_type": 21,
    "object_id": "2",
    "object_repr": "ProductImage object (2)",
    "action_flag": 3,
    "change_message": ""
  }
},
{
  "model": "admin.logentry",
  "pk": 6,
  "fields": {
    "action_time": "2020-08-08T21:10:48.257Z",
    "user": 2,
    "content_type": 21,
    "object_id": "1",
    "object_repr": "ProductImage object (1)",
    "action_flag": 3,
    "change_message": ""
  }
},
{
  "model": "admin.logentry",
  "pk": 7,
  "fields": {
    "action_time": "2020-08-08T21:11:08.549Z",
    "user": 2,
    "content_type": 21,
    "object_id": "3",
    "object_repr": "ProductImage object (3)",
    "action_flag": 1,
    "change_message": "[{\"added\": {}}]"
  }
},
{
  "model": "admin.logentry",
  "pk": 8,
  "fields": {
    "action_time": "2020-08-08T21:11:25.408Z",
    "user": 2,
    "content_type": 21,
    "object_id": "4",
    "object_repr": "ProductImage object (4)",
    "action_flag": 1,
    "change_message": "[{\"added\": {}}]"
  }
},
{
  "model": "admin.logentry",
  "pk": 9,
  "fields": {
    "action_time": "2020-08-08T21:29:50.487Z",
    "user": 2,
    "content_type": 21,
    "object_id": "6",
    "object_repr": "ProductImage object (6)",
    "action_flag": 3,
    "change_message": ""
  }
},
{
  "model": "admin.logentry",
  "pk": 10,
  "fields": {
    "action_time": "2020-08-08T21:29:56.219Z",
    "user": 2,
    "content_type": 21,
    "object_id": "5",
    "object_repr": "ProductImage object (5)",
    "action_flag": 3,
    "change_message": ""
  }
},
{
  "model": "admin.logentry",
  "pk": 11,
  "fields": {
    "action_time": "2020-08-08T21:30:14.104Z",
    "user": 2,
    "content_type": 21,
    "object_id": "7",
    "object_repr": "ProductImage object (7)",
    "action_flag": 1,
    "change_message": "[{\"added\": {}}]"
  }
},
{
  "model": "admin.logentry",
  "pk": 12,
  "fields": {
    "action_time": "2020-08-08T21:30:35.747Z",
    "user": 2,
    "content_type": 21,
    "object_id": "7",
    "object_repr": "ProductImage object (7)",
    "action_flag": 2,
    "change_message": "[{\"changed\": {\"fields\": [\"In display\"]}}]"
  }
},
{
  "model": "admin.logentry",
  "pk": 13,
  "fields": {
    "action_time": "2020-08-09T00:34:22.887Z",
    "user": 2,
    "content_type": 3,
    "object_id": "1",
    "object_repr": "Employees",
    "action_flag": 1,
    "change_message": "[{\"added\": {}}]"
  }
},
{
  "model": "admin.logentry",
  "pk": 14,
  "fields": {
    "action_time": "2020-08-09T00:36:48.332Z",
    "user": 2,
    "content_type": 3,
    "object_id": "2",
    "object_repr": "Dispatchers",
    "action_flag": 1,
    "change_message": "[{\"added\": {}}]"
  }
}
]
